"EH_ID","experiment","primary_infection","challenge_infection","mouse_strain","labels","weight","weight_dpi0","relative_weight","feces_weight","dpi","infection","oocyst_sq1","oocyst_sq2","oocyst_sq3","oocyst_sq4","dilution","OO4sq","OOC","infection_history","Eim_MC","delta","IFNy_CEWE","IFNy_MES","CXCR3","IRG6","IL.12","CASP1","CXCL9","CXCR3_bio","IDO1","IFNy","IL.10","IL.12A","IL1RN","IL.6","IRGM1","MPO","MUC2","MUC5AC","MYD88","NCR1","PPIB","PRF1","RETNLB","SOCS1","TICAM1","TNF","IL.17A","GAPDH","IL.13","CASP1_N","CXCL9_N","CXCR3_N","IDO1_N","IFNy_N","IL.6_N","IL.10_N","IL.12A_N","IL.13_N","IL.17A_N","IL1RN_N","IRGM1_N","MPO_N","MUC2_N","MUC5AC_N","MYD88_N","NCR1_N","PRF1_N","RETNLB_N","SOCS1_N","TICAM1_N","TNF_N","Position","CD4","Treg","Div_Treg","Treg17","Th1","Div_Th1","Th17","Div_Th17","CD8","Act_CD8","Div_Act_CD8","IFNy_CD4","IFNy_CD8","OPG_O","IFNy_FEC","Caecum","Treg_prop","IL17A_CD4","batch","max_dpi","max_OOC","max_WL","death","hybrid_status","Parasite_primary","Parasite_challenge","pc1","pc2"
"LM0227","E57","E88","E64","BUSNA_STRA","E57bxMNW",23.81,23.86,99.7904442581727,2.73,8,"challenge",3,5,8,1,1,17,42500,"falciformis_ferrisi",TRUE,-5.79,54.4201292769137,NA,-10.535,-4.425,-9.13,22.0291966756966,13.6022550903887,20.9266575450285,13.6855072135406,19.6913762062694,21.7883683973286,22.0540301010045,16.4233844054409,21.0904488953813,11.6255162599195,23.1610924434397,11.3942309375872,12.3683119226889,16.8569854094288,23.3323402407338,13.8372505612264,27.5328964430075,11.3899959890668,13.0259614674568,19.8228070004789,21.0106469409461,NA,NA,NA,-8.19194611447025,0.234995470837651,-7.0894069838021,0.15174334768575,-5.85412564504305,-7.2531983341549,-7.95111783610215,-8.21677953977815,NA,NA,-2.58613384421455,2.2117343013069,-9.32384188221335,2.4430196236392,1.4689386385375,-3.0197348482024,-9.49508967950745,-13.6956458817811,2.44725457215965,0.811289093769551,-5.98555643925255,-7.1733963797197,"mLN",44.9,6.385,16.205,13.52,6.78,71.2,0.89,46.875,14.39,11.5,49.52,4.915,21.74,15567.7655677656,7.02526117343341,"pos",93.605,0.415,NA,8,245000,95.8927074601844,"challenge","F1 hybrid","E_falciformis","E_ferrisi",0.685323780434253,1.36959941218144
"LM0228","E57","E88","E64","STRA_BUSNA","E57bxBGY",23.5,21.23,110.692416391898,1.13,8,"challenge",13,6,11,6,1,36,90000,"falciformis_ferrisi",TRUE,-5.91,84.9852124920339,NA,-8.9125,-4.3925,-6.9325,24.2505366490958,14.530482230102,21.6207481925541,12.3478233849638,20.8594681487319,22.9225537556405,NA,20.1351025190113,25.3259995192603,10.0339860668154,26.6797167200264,9.72451627418767,14.5991346659189,18.0104430682271,22.8931215536978,13.660586988559,26.2638329243728,7.85713019697681,10.2924933621838,17.6609876294228,22.3628219700418,27.3172963737582,NA,NA,-10.5899496605369,-0.869895241543048,-7.96016120399515,1.31276360359515,-7.198881160173,-11.6654125307013,-9.26196676708155,NA,NA,-13.6567093851992,-6.4745155304524,3.6266009217436,-13.0191297314674,3.93607071437128,-0.938547677359949,-4.34985607966815,-9.23253456513885,-12.6032459358138,5.80345679158214,3.36809362637517,-4.00040064086385,-8.7022349814829,"mLN",46.145,7.005,21.365,11.565,10.92,75.115,1.075,42.39,13.84,13.205,59.09,9.085,27.535,79646.0176991151,4.99875306588759,"pos",92.97,0.385,NA,8,875000,100,"challenge","F1 hybrid","E_falciformis","E_ferrisi",2.13923040531621,2.0362277876745
"LM0229","E57","E88","UNI","SCHUNT_SCHUNT","E57bxEMW",19.01,19.06,99.7376705141658,2.36,8,"challenge",0,0,0,0,1,0,0,"falciformis_uninfected",FALSE,-7.12,11.9382981889895,NA,-7.4325,-3.1225,-4.6475,22.5551139808118,18.9909275849876,23.6653656848417,15.9024095300201,NA,24.9002494072624,27.7955876695484,18.1491629764574,24.180209060652,7.81060387080035,NA,7.74929330346136,12.8712104139678,20.0599381790986,23.9648641562199,14.4941092225394,NA,9.18435473973411,9.20500776700764,19.1173568160569,22.8121320789382,22.7615767953648,NA,NA,-8.06100475827245,-4.49681836244825,-9.1712564623023,-1.4083003074807,NA,-9.68609983811255,-10.406140184723,-13.301478447009,NA,-8.2674675728254,-3.655053753918,6.68350535173905,NA,6.74481591907804,1.6228988085716,-5.5658289565592,-9.4707549336805,NA,5.30975448280529,5.28910145553176,-4.62324759351755,-8.3180228563988,"mLN",56.22,7.15,12.455,9.505,2.965,19.84,1.63,30.055,10.02,10.915,11.535,3.045,41.36,0,1.65664455658793,"neg",92.845,0.575,NA,8,0,96.4323189926548,"challenge","F0 M. m. domesticus","E_falciformis","uninfected",-1.2320022805964,1.28248884807335
"LM0231","E57","E88","E64","PWD_SCHUNT","E57bxCEK",20.43,20.69,98.7433542774287,2.81,8,"challenge",13,15,16,16,1,60,150000,"falciformis_ferrisi",TRUE,-5.16,37.5056012557841,NA,-9.3825,-4.3125,-6.8575,27.5034104804628,14.0392859808,20.213119954122,12.783337096282,21.1936794940158,22.3102941555196,24.9166729862101,16.7937684859623,23.9078144688627,10.1576021543994,27.6762830684407,7.18327173152845,14.0414963523193,15.6189480495685,23.454047006391,10.9071136772582,23.2406230701915,3.9201919398974,10.6925675379536,15.46166730572,18.9602445173629,23.5927714855823,NA,NA,-16.5962968032046,-3.1321723035418,-9.30600627686385,-1.8762234190238,-10.2865658167577,-13.0007007916046,-11.4031804782615,-14.0095593089519,NA,-12.6856578083241,-5.8866548087041,0.74951152285875,-16.7691693911825,3.72384194572975,-3.1343826750611,-4.71183437231025,-12.5469333291328,-12.3335093929333,6.9869217373608,0.214546139304584,-4.5545536284618,-8.0531308401047,"mLN",40.59,6.45,23.76,12.78,9.25,81.21,1.705,78.305,25.305,11.105,55.935,9.085,38.165,53380.7829181495,0.887669072138454,"pos",93.505,0.85,NA,8,1257500,98.7433542774287,"challenge","F1 hybrid","E_falciformis","E_ferrisi",3.28989301362264,1.73528973765955
"LM0232","E57","E88","UNI","BUSNA_STRA","E57bxCUY",26.98,26.37,102.313234736443,2.15,8,"challenge",0,0,0,0,1,0,0,"falciformis_uninfected",TRUE,-6.22,21.8877741271661,NA,-10.55,-3.01,-5.435,25.4562427446118,19.2054175249985,23.0282918299618,18.2542676941722,NA,27.6731938408833,21.283178829474,18.9853159899162,23.195713977363,9.24154377070408,NA,9.86958991490604,14.3715203726778,17.5384552844574,24.12713960521,13.6344535336585,27.0901521234795,8.71113298854733,10.5861176196997,17.035056371546,24.7763947236091,27.6643462053201,NA,NA,-11.8217892109534,-5.57096399134,-9.39383829630335,-4.6198141605138,NA,-9.56126044370455,-14.0387403072248,-7.6487252958156,NA,-14.0298926716616,-5.35086245625775,4.39290976295437,NA,3.76486361875241,-0.737066839019398,-3.90400175079895,-10.4926860715515,-13.4556985898211,4.92332054511112,3.0483359139587,-3.4006028378876,-11.1419411899506,"mLN",52.245,8.695,13.465,14.4,2.545,27.85,1.06,27.445,17.55,9.815,12.83,2.005,19.39,0,1.77673412685823,"pos",91.305,0.25,NA,8,0,100,"challenge","F1 hybrid","E_falciformis","uninfected",-1.89807226449854,0.177234397893617
"LM0233","E57","E88","UNI","STRA_STRA","E57bxSTU",29.96,29.77,100.638226402419,1.75,8,"challenge",0,0,0,0,1,0,0,"falciformis_uninfected",TRUE,-5.97,81.662990584743,NA,-11.1725,NA,-6.1225,23.1409731860533,19.0781732223398,23.1857375950429,18.4888802747656,23.2519718590616,25.825431164783,24.6130038932218,19.4582498750562,22.595716651092,9.1973738703849,24.9461220837294,8.22592159424088,11.5835334359539,20.0538889211594,25.4337710635347,14.4037280578944,27.843007938989,15.8036763737417,10.0370310185361,18.9291452729082,25.0190863951116,28.888649522421,NA,NA,-8.73724512815885,-4.6744451644454,-8.78200953714845,-4.08515221687125,-8.8482438011672,-8.1919885931976,-11.4217031068886,-10.2092758353274,NA,-14.4849214645266,-5.0545218171618,5.2063541875095,-10.542394025835,6.17780646365352,2.8201946219405,-5.650160863265,-11.0300430056403,-13.4392798810946,-1.3999483158473,4.36669703935827,-4.52541721501375,-10.6153583372172,"mLN",46.895,6.89,13.355,7.035,2.9,25.52,0.695,32.195,7.49,5.395,21.31,2.795,19.23,0,4.86923097297706,"neg",93.11,0.27,NA,8,0,99.9328182734296,"challenge","F0 M. m. domesticus","E_falciformis","uninfected",-1.98343256784222,0.695415315146662
"LM0234","E57","E88","E64","STRA_STRA","E57bxBLW",32.64,32.76,99.6336996336996,1.63,8,"challenge",4,10,7,6,1,27,67500,"falciformis_ferrisi",TRUE,-7.89,112.055644071278,NA,-17.0075,-1.0425,-4.8275,23.1112735431548,14.6777347118937,20.1963236918155,14.4309314526972,20.6436698971811,21.6291451975255,22.2915427746276,18.5558233802074,23.9144957552778,8.60094216904668,24.9077475332871,8.73069006136072,11.9004918431584,18.1772564544278,23.2548172561673,14.5446123596065,23.5434754977389,11.9309509795787,10.1372818951143,17.8902605311439,20.406861685511,NA,NA,NA,-8.5666611835483,-0.1331223522872,-5.65171133220895,0.11368090690935,-6.09905753757465,-9.3698833956713,-7.084532837919,-7.74693041502105,NA,NA,-4.0112110206009,5.94367019055982,-10.3631351736806,5.81392229824578,2.6441205164481,-3.6326440948213,-8.71020489656075,-8.99886313813235,2.6136613800278,4.40733046449221,-3.34564817153735,-5.86224932590455,"mLN",49.47,6.065,24.795,13.95,6.87,76.515,1.11,65.735,9.065,8.9,55.69,8.455,34.31,41411.0429447853,5.98219397547729,"pos",93.935,0.295,NA,8,1057500,97.8937728937729,"challenge","F0 M. m. domesticus","E_falciformis","E_ferrisi",1.78836494498617,2.81495969341325
"LM0235","E57","E88","E64","STRA_SCHUNT","E57bxDTU",19.51,19.58,99.6424923391216,0.95,8,"challenge",1,0,1,0,1,2,5000,"falciformis_ferrisi",TRUE,-5.84,53.5403908319353,NA,-8.6925,-3.0275,-5.5975,25.0635729706571,14.219461623835,23.7310533110951,15.6662911156638,22.3005909660831,23.610255270593,23.8706904773282,17.6766621272851,21.1434576165948,8.297134761052,25.6189639250545,7.52241429176678,13.1482065456395,19.0381801747709,23.6967304703538,14.1094199540657,28.0043581381057,10.795116287208,10.1874642776679,17.9863377881154,21.9150994821065,26.9021283600333,NA,NA,-10.9541530165914,-0.110041669769251,-9.62163335702945,-1.55687116159815,-8.19117101201745,-7.0340376625291,-9.5008353165273,-9.76127052326245,NA,-12.7927084059676,-3.5672421732194,5.8122851930137,-11.5095439709888,6.58700566229892,0.961213408426151,-4.92876022070515,-9.58731051628815,-13.89493818404,3.31430366685765,3.92195567639779,-3.8769178340497,-7.8056795280408,"mLN",45.74,6.52,17.115,8.645,9.585,51.87,1.09,40.6,13.995,9.2,55.97,8.755,28.69,5263.15789473684,2.12034089731856,"pos",93.46,0.28,NA,8,377500,97.7017364657814,"challenge","F1 M. m. domesticus","E_falciformis","E_ferrisi",1.06465653805987,2.02105152070994
"LM0236","E57","E88","E64","STRA_STRA","E57bxFRU",27.05,26.25,103.047619047619,2.33,8,"challenge",8,4,11,8,1,31,77500,"falciformis_ferrisi",TRUE,-6.02,121.105391312534,NA,-10.2025,-2.0425,-5.0925,22.4501145795976,16.2030850810788,23.1846175962943,14.9523422120304,NA,NA,24.3751229157779,19.316529484395,22.0213545292961,8.99735983931931,29.211325229614,8.15666095738853,8.68499206971259,20.3927553978497,23.8111185658221,16.4419766101856,NA,11.763446614181,9.83325136555701,20.0468874437046,25.9983436930755,29.393211548114,NA,NA,-6.008137969412,0.238891529106798,-6.7426409861087,1.48963439815525,NA,-5.57937791911045,NA,-7.9331463055923,NA,-12.9512349379284,-2.87455287420945,7.44461677086629,-12.7693486194284,8.28531565279707,7.75698454047301,-3.9507787876641,-7.3691419556365,NA,4.6785299960046,6.60872524462858,-3.60491083351905,-9.55636708288995,"mLN",46.33,6.465,21,14.54,7.02,67.36,1.615,65.055,8.84,8.375,45.895,12.91,46.265,33261.8025751073,0.939915392134487,"pos",93.535,0.61,NA,8,792500,88.952380952381,"challenge","F0 M. m. domesticus","E_falciformis","E_ferrisi",2.57747590543122,3.68485909904177
"LM0238","E57","E88","E64","PWD_BUSNA","E57bxLYZ",20.41,21.39,95.4184198223469,1.38,8,"challenge",22,23,22,20,1,87,217500,"falciformis_ferrisi",TRUE,-4.42,61.4115394386923,NA,-10.3425,-4.3375,-6.3925,23.5540725323124,12.888287470123,19.2169807477729,11.6635512311409,20.7110120479232,22.9486088610493,22.4657442876761,17.29026910536,19.6251861907229,9.05215962541348,27.4645057279806,8.64257116807127,10.3427143520517,14.618691018641,21.3996805565785,9.4143498510904,20.4514089182612,4.0796041966491,11.2421699325579,15.1265041801971,18.2183128631643,23.5008702072269,NA,NA,-14.139722681222,-3.47393761903265,-9.80263089668245,-2.24920138005045,-11.2966621968328,-10.2108363396325,-13.5342590099589,-13.0513944365857,NA,-14.0865203561365,-7.87591925426955,0.362190225676919,-18.0501558768902,0.771778683019129,-0.928364500961271,-5.20434116755065,-11.9853307054881,-11.0370590671708,5.3347456544413,-1.8278200814675,-5.7121543291067,-8.8039630120739,"mLN",43.325,8.915,13.09,6.825,7.71,79.02,1.185,55.835,26.505,18.26,38.45,4.59,27.8,157608.695652174,3.47981538698723,"pos",91.075,0.335,NA,8,437500,93.9223936418887,"challenge","F1 M. m. musculus","E_falciformis","E_ferrisi",1.52275269855158,-0.504624912080852
"LM0239","E57","E88","UNI","SCHUNT_SCHUNT","E57bxJMR",18.47,19.41,95.1571354971664,2.87,8,"challenge",0,0,0,0,1,0,0,"falciformis_uninfected",TRUE,-6.76,25.060196364609,NA,-18.0925,-6.93916666666667,-5.6925,23.8159818770357,20.3061694675961,22.520770869408,16.9300062736713,NA,23.8575072294536,22.4339067794941,20.5891815957729,NA,8.1622006501555,25.5412441804296,8.85969255774225,15.4605002399199,19.281728955202,23.6605967762951,15.5350585541766,NA,12.5125543029413,8.3901154289691,17.0027908424967,24.3928420769911,27.7184852892587,NA,NA,-8.28092332285915,-4.7711109134195,-6.98571231523135,-1.3949477194947,NA,NA,-8.322448675277,-6.8988482253175,NA,-12.1834267350821,-5.0541230415963,7.3728579040211,-10.006185626253,6.67536599643435,0.0745583142567021,-3.74667040102545,-8.1255382221185,NA,3.0225042512353,7.1449431252075,-1.4677322883201,-8.8577835228145,"mLN",68.01,3.63,14.11,14.35,1.73,14.31,0.925,33.075,13.9,3.785,8.985,1.69,13.755,0,5.68730891054033,"pos",96.36,0.385,NA,8,0,95.1571354971664,"challenge","F0 M. m. domesticus","E_falciformis","uninfected",-3.66619173095095,1.42480476447711
"LM0240","E57","E88","E64","SCHUNT_PWD","E57bxCIW",20.45,20.45,100,1.39,8,"challenge",0,0,0,1,1,1,2500,"falciformis_ferrisi",TRUE,-6.65,43.3808823861458,NA,-8.47,-2.455,-5.66,22.7009523014771,13.0180593774902,19.121773301477,10.7053612726095,19.0330455141537,20.6242156879116,21.8528046062565,17.3825399858799,25.263313794222,7.5653020929804,24.9143864033321,6.90494895448122,15.3598698839964,14.6123366138279,20.069570381716,8.93146449259218,21.0138444917727,3.59877768391926,8.89285280671148,14.3463193824944,18.1837642472505,24.0378078601409,NA,NA,-13.7694878088849,-4.08659488489807,-10.1903088088848,-1.77389678001732,-10.1015810215615,-16.3318493016298,-11.6927511953194,-12.9213401136643,NA,-15.1063433675487,-8.45107549328767,1.36616239961178,-15.9829219107399,2.02651553811097,-6.42840539140422,-5.68087212123577,-11.1381058891238,-12.0823799991805,5.33268680867293,0.0386116858807029,-5.41485488990222,-9.25229975465832,"mLN",37.435,9.045,20.515,9.26,9.1,64.37,0.805,49.91,31.115,13.46,38.515,9.6,30.505,1798.56115107914,5.61738807203253,"pos",90.935,0.64,NA,8,317500,100,"challenge","F1 hybrid","E_falciformis","E_ferrisi",2.08839685008758,0.199230112643902
"LM0247","E57","E88","UNI","STRA_SCHUNT","E57bxJMX",25.93,27.13,95.5768521931441,7.14,8,"challenge",0,1,0,0,1,1,2500,"falciformis_uninfected",TRUE,-4.68,15.7742979705957,NA,-11.1375,-3.9525,-6.0825,22.4951825075151,17.3920892055468,22.4503171332931,15.6752492650797,NA,NA,24.0887717770285,17.7497175871724,22.6933471755817,9.84150808970637,25.1986199512889,7.87121880992098,8.67855142766924,16.2851357574055,24.3767044883014,10.0742618014015,25.1022376611852,11.6459650951572,10.6740336447483,15.6493987100139,20.9363782085568,25.6638427414561,NA,NA,-12.4209207061136,-7.3178274041453,-12.3760553318916,-5.60098746367825,NA,-12.6190853741802,NA,-14.014509975627,NA,-15.5895809400546,-7.67545578577095,0.232753711695125,-15.1243581498874,2.20304299148052,1.39571037373226,-6.210873956004,-14.3024426868999,-15.0279758597837,-1.5717032937557,-0.599771843346799,-5.57513690861245,-10.8621164071553,"mLN",53.25,6.895,7.85,9.015,2.505,19.19,0.945,28.815,18.08,3.455,8.71,1.95,13.49,350.140056022409,5.74965573181054,"pos",93.1,0.165,NA,8,12500,95.5768521931441,"challenge","F1 M. m. domesticus","E_falciformis","uninfected",-3.10133621248707,0.105043389017342
"LM0248","E57","E88","E64","STRA_SCHUNT","E57bxAPS",20.58,23.46,87.7237851662404,2.5,8,"challenge",0,2,0,2,1,4,10000,"falciformis_ferrisi",TRUE,-6.92,31.9834136276131,NA,NA,NA,NA,NA,NA,NA,NA,NA,NA,NA,NA,NA,NA,NA,NA,NA,NA,NA,NA,NA,NA,NA,NA,NA,NA,NA,NA,NA,NA,NA,NA,NA,NA,NA,NA,NA,NA,NA,NA,NA,NA,NA,NA,NA,NA,NA,NA,NA,NA,"mLN",43.09,6.12,21.885,25.48,7.62,60.78,1.415,45.325,16.055,7.815,60.255,8.38,29.545,4000,4.43651968737429,"pos",93.865,1.025,NA,8,1272500,87.7237851662404,"challenge","F1 M. m. domesticus","E_falciformis","E_ferrisi",1.8857334636129,3.14610009023771
"LM0249","E57","E88","E64","SCHUNT_STRA","E57bxPSV",24.4,26.1,93.4865900383142,2.71,8,"challenge",1,0,1,1,1,3,7500,"falciformis_ferrisi",TRUE,-5.96,25.5475919853859,NA,-9.7675,-4.1475,-6.6525,22.8426693013744,15.5421682373731,22.5115227444581,13.0790902828355,20.3164719069852,23.0159578702143,23.1306655340547,16.693969882567,20.956645893644,10.5480034075796,23.1242820365724,9.80814185059367,10.4495043586447,16.9818417757977,23.7629551718165,13.3543510002038,27.1767883272609,12.5342582257646,11.7182985941356,17.567153879818,20.519715885502,23.0224461404391,NA,NA,-9.48831830117065,-2.1878172371693,-9.15717174425435,0.275260717368349,-6.96212090678145,-7.6022948934402,-9.66160687001045,-9.77631453385095,NA,-9.6680951402353,-3.3396188823632,2.80634759262425,-9.76993103636865,3.54620914961013,2.9048466415591,-3.6274907755939,-10.4086041716127,-13.8224373270571,0.8200927744392,1.63605240606815,-4.21280287961415,-7.16536488529815,"mLN",47.34,6.465,16.775,13.315,4.84,54.635,0.97,35.275,19.235,4.93,44.24,4.355,23.725,2767.52767527675,1.62435853414336,"pos",93.51,0.73,NA,8,370000,91.0727969348659,"challenge","F1 M. m. domesticus","E_falciformis","E_ferrisi",-0.321043878167696,1.03611017152365
"LM0251","E57","E88","UNI","STRA_BUSNA","E57bxEOT",21.84,23.16,94.300518134715,1.32,8,"challenge",0,0,0,0,1,0,0,"falciformis_uninfected",TRUE,-4.73,1.71942881541789,NA,-8.835,-4.365,-6.47,22.0478434875176,19.2923058420439,21.2674663290489,18.5589792485105,NA,NA,25.9331265061339,19.6733620591964,21.8553782132196,9.21835737203165,28.1486174993373,8.66934695110646,10.1984803604773,16.9606829869062,23.8984108980002,13.0763762636237,24.6425244584219,11.2129558013789,10.0344781863942,16.8495652997822,22.4904328473764,25.1332925791707,NA,NA,-8.97146722389395,-6.21592957842025,-8.1910900654252,-5.48260298488685,NA,-8.7790019495959,NA,-12.8567502425102,NA,-12.0569163155471,-6.59698579557275,3.858018891592,-15.0722412357137,4.40702931251719,2.87789590314639,-3.8843067232826,-10.8220346343765,-11.5661481947982,1.8634204622447,3.0418980772294,-3.7731890361586,-9.41405658375275,"mLN",61.525,5.65,12.71,9.66,1.875,29.575,0.535,21.155,17.08,4.755,15.41,1.81,11.825,0,10.7285610680602,"pos",94.33,0.38,NA,8,0,94.300518134715,"challenge","F1 hybrid","E_falciformis","uninfected",-3.28229923019061,0.223564553733681
"LM0254","E57","E88","UNI","SCHUNT_PWD","E57bxBCD",21.04,22.32,94.2652329749104,3.97,8,"challenge",0,0,0,0,1,0,0,"falciformis_uninfected",FALSE,-8.48,23.1158022243411,NA,18.235,NA,NA,23.3806666939096,17.1206415556508,18.0074607566448,15.7312416753262,24.082058513484,18.7482598189973,18.5722581273239,15.108028650605,18.3891405454823,9.1934265754033,23.3862651891476,8.3945367220858,10.1961258714846,14.6098387874823,18.006151671936,9.60205890956414,22.7128391301112,6.93746296461353,10.0448081506957,15.0844635517316,17.0586846826115,29.0635523889964,NA,NA,-13.7786077843455,-7.51858264608666,-8.40540184708071,-6.12918276576206,-14.4799996039198,-8.78708163591821,-9.14620090943316,-8.97019921775981,NA,-19.4614934794323,-5.50596974104086,0.408632334160835,-13.7842062795835,1.20752218747833,-0.594066961920415,-5.00777987791816,-8.40409276237187,-13.1107802205471,2.6645959449506,-0.442749241131519,-5.48240464216746,-7.45662577304741,"mLN",51.475,6.69,12.11,7.535,1.455,21.435,0.55,22.92,28.36,5.64,6.335,1.65,16.1,0,6.3485357460407,"neg",93.29,0.27,NA,8,0,94.2652329749104,"challenge","F1 hybrid","E_falciformis","uninfected",-3.23090829770599,-0.798375559939077
"LM0255","E57","E88","E64","BUSNA_BUSNA","E57bxMOR",16.99,18.26,93.0449069003286,1.41,8,"challenge",5,11,13,8,1,37,92500,"falciformis_ferrisi",TRUE,-2.73,87.5850373523195,NA,-10.875,-3.245,-6.495,23.4214936581744,13.6853093549441,19.1012070501714,12.914861401945,18.9611601916032,22.4274264169995,21.2811286224991,16.4427049066139,20.9855269845939,9.32263294983311,21.8704832648747,8.71487606060525,12.2956618869737,15.8886464044992,21.3384082780078,12.0515647752713,26.2090038798318,5.97385407335939,10.5890038280453,17.6548247401122,19.3551117372228,21.397227058451,NA,NA,-11.3699288829031,-1.6337445796728,-7.04964227490015,-0.863296626673652,-6.90959541633195,-8.9339622093226,-10.3758616417282,-9.22956384722775,NA,-9.34566228317965,-4.3911401313426,2.72893182543818,-9.81891848960345,3.33668871466605,-0.244097111702402,-3.83708162922795,-9.2868435027365,-14.1574391045605,6.07771070191191,1.46256094722595,-5.6032599648409,-7.30354696195155,"mLN",36.155,8.875,24.11,8.97,11.54,90.78,4.05,67.78,24.175,20.5,29.365,3.24,27.11,65602.8368794326,7.0619457854202,"pos",91.015,1.075,NA,8,317500,93.0449069003286,"challenge","F0 M. m. musculus","E_falciformis","E_ferrisi",4.07644580289081,-0.48429002211908
"LM0256","E57","E88","UNI","STRA_STRA","E57bxJVZ",29.82,29.15,102.29845626072,2.16,8,"challenge",0,0,0,0,1,0,0,"falciformis_uninfected",FALSE,-8.9,14.6139889944201,NA,-8.5175,-2.1375,-4.0625,22.8587181662309,18.635687833726,22.4129530894457,19.0696016868016,NA,23.0301456373528,23.3470962128978,17.6316723486417,20.2538257168509,9.44718738318186,27.9215008820634,8.04077250919453,9.12195024308619,17.378285403825,29.4934042766103,13.9865853313555,25.6609814436716,14.362460599571,10.7901889980264,18.7133282892844,23.1019611320798,24.2259536296558,NA,NA,-8.8721328348753,-4.64910250237045,-8.4263677580901,-5.08301635544605,NA,-6.26724038549535,-9.0435603059972,-9.36051088154225,NA,-10.2393682983002,-3.6450870172861,4.53939794817369,-13.9349155507078,5.94581282216102,4.86463508826936,-3.39170007246945,-15.5068189452548,-11.674396112316,-0.375875268215452,3.1963963333292,-4.7267429579289,-9.1153758007242,"mLN",54.575,5.11,13.005,9.13,1.835,22.3,1.075,30.89,11.41,4.455,12.675,2.58,22.56,0,3.4229556011352,"neg",94.87,0.48,NA,8,0,100,"challenge","F0 M. m. domesticus","E_falciformis","uninfected",-2.55545781844343,1.05161473703095
"LM0257","E57","E88","E64","SCHUNT_SCHUNT","E57bxJQU",20.44,22.75,89.8461538461539,1.46,8,"challenge",4,1,1,1,1,7,17500,"falciformis_ferrisi",TRUE,-6.93,21.2530814946465,NA,-10.995,-3.45,-5.385,23.0529830401788,12.9584924369012,21.447746243586,14.5082818578366,29.9738663016184,27.8977725383129,24.6674068274524,17.3278377516383,18.4502020162747,9.59851017941836,27.0708670717137,7.80793891992904,10.4158933107229,15.8548916506297,23.1270644724719,11.512441559931,NA,5.66228234330229,10.3236378802892,15.9125732280436,19.6324322168295,24.4456365543995,NA,NA,-11.5405414802478,-1.4460508769703,-9.9353046836551,-2.9958402979057,-18.4614247416875,-6.93776045634375,-16.385330978382,-13.1549652675214,NA,-12.9331949944685,-5.8153961917074,1.91393138051259,-15.5584255117828,3.70450264000191,1.09654824920805,-4.3424500906987,-11.614622912541,NA,5.85015921662866,1.18880367964171,-4.4001316681127,-8.1199906568986,"mLN",58.92,5.075,16.575,15.28,4.445,48.205,0.795,28.355,17.805,7.63,39.93,4.845,26.83,11986.301369863,6.97024477714995,"pos",94.905,0.42,NA,8,282500,89.8461538461539,"challenge","F0 M. m. domesticus","E_falciformis","E_ferrisi",-1.14937225208904,1.83267600648196
"LM0258","E57","E64","E64","BUSNA_PWD","E57bxHVW",18.28,19.74,92.6038500506586,1.22,8,"challenge",4,4,3,6,1,17,42500,"ferrisi_ferrisi",TRUE,-5.75,22.5199587596992,NA,-8.295,-2.285,-5.855,22.5196084963488,14.616362170518,21.0713044581276,13.1389195186952,20.0930799252645,21.0824156109531,23.2813351957934,17.4392238181021,20.03525793261,8.33518680191303,24.6654455086834,7.79036097319324,9.03812912292816,16.6165287353816,22.284760856043,12.0316041765522,23.0967070776825,6.70814076819139,9.09779602237951,16.8376863286143,19.328454799555,27.2159014108478,NA,NA,-10.4880043197966,-2.58475799396575,-9.03970028157535,-1.10731534214295,-8.0614757487122,-8.00365375605775,-9.0508114344009,-11.2497310192411,NA,-15.1842972342955,-5.4076196415498,3.69641737463922,-12.6338413321311,4.24124320335901,2.99347505362409,-4.58492455882935,-10.2531566794907,-11.0651029011302,5.32346340836086,2.93380815417274,-4.8060821520621,-7.29685062300275,"mLN",49.925,7.915,15.795,4.28,3.71,75.72,0.765,46.72,33.62,13.385,33.365,1.74,16.375,34836.0655737705,2.83376840524125,"pos",92.06,0.515,NA,8,605000,91.8946301925025,"challenge","F1 M. m. musculus","E_ferrisi","E_ferrisi",-0.405541469829025,-1.87928728489225
"LM0259","E57","E64","E64","STRA_BUSNA","E57bxGHI",28.32,28.89,98.0269989615784,2.58,8,"challenge",2,0,1,0,1,3,7500,"ferrisi_ferrisi",FALSE,-8,41.1760044409716,NA,-9.505,-3.07,-5.27,NA,NA,NA,NA,NA,NA,NA,NA,NA,NA,NA,NA,NA,NA,NA,NA,NA,NA,NA,NA,NA,NA,NA,NA,NA,NA,NA,NA,NA,NA,NA,NA,NA,NA,NA,NA,NA,NA,NA,NA,NA,NA,NA,NA,NA,NA,"mLN",43.27,7.155,16.365,10.45,5.485,65.425,1.17,29.27,10.565,11.43,47.355,3.415,26.765,2906.97674418605,4.45462750530078,"neg",92.795,0.5,NA,8,645000,98.0269989615784,"challenge","F1 hybrid","E_ferrisi","E_ferrisi",0.3524993728281,0.995020335234949
"LM0260","E57","E64","E64","SCHUNT_SCHUNT","E57byGHV",27.06,29.02,93.2460372157133,3.14,8,"challenge",0,0,0,0,1,0,0,"ferrisi_ferrisi",FALSE,-11.9,11.2982790313474,NA,-11.615,-3.91,-6.305,22.7642519989158,16.1805342930795,20.9269130701636,13.646649523307,21.7955862574782,24.079711352278,23.4050733876335,17.1440331922506,21.091665761375,9.56522255994382,25.4220571508446,8.7713233133066,9.46828812207458,15.0655391360394,24.3682892000818,10.3584152669719,25.1696787513743,8.3738460532919,10.7273816635688,15.3905066776265,19.7680242594723,NA,NA,NA,-12.4058367319439,-5.82211902610765,-10.5684978031917,-3.2882342563351,-11.4371709905063,-10.7332504944031,-13.7212960853061,-13.0466581206617,NA,NA,-6.78561792527865,0.793192707028075,-15.0636418838727,1.5870919536653,0.890127144897315,-4.70712386906745,-14.0098739331099,-14.8112634844024,1.98456921368,-0.368966396596949,-5.03209141065455,-9.4096089925004,"mLN",53.24,5.215,41.605,11.28,6.795,59.59,1.225,36.96,12.14,10.91,47.475,2.62,16.955,0,NA,"neg",94.73,0.6,NA,8,290000,89.5933838731909,"challenge","F0 M. m. domesticus","E_ferrisi","E_ferrisi",0.404234194771903,0.929053051319023
"LM0261","E57","E64","UNI","PWD_SCHUNT","E57bxKOP",18.69,20.09,93.0313588850174,1.36,8,"challenge",0,0,0,0,1,0,0,"ferrisi_uninfected",FALSE,-5.9,22.7925981911959,NA,-10.8875,-6.3575,-9.9775,24.1659835600977,15.0370281504118,19.3641653347351,16.0040094796821,21.768261581352,20.6659077909637,19.4631902903852,16.5404562240631,15.0718220571237,8.43864176273205,27.9767281259435,8.47395468892208,10.9516881925741,12.6715922968506,18.3398772474793,6.63562920633672,22.0971730929587,3.43734604783167,10.4388356238474,13.2749438453605,18.8219408466439,27.6769072182948,NA,NA,-17.530354353761,-8.40139894407508,-12.7285361283984,-9.36838027334533,-15.1326323750153,-8.43619285078698,-14.0302785846269,-12.8275610840485,NA,-21.0412780119581,-9.90482701772638,-1.80301255639533,-21.3410989196067,-1.83832548258536,-4.31605898623743,-6.03596309051388,-11.7042480411425,-15.461543886622,3.19828315850505,-3.80320641751073,-6.63931463902378,-12.1863116403072,"mLN",49.35,9.015,8.26,4.37,1.535,22.665,0.58,19.23,26.665,4.74,7.56,1.76,14.625,0,0,"neg",90.95,0.25,NA,8,0,93.0313588850174,"challenge","F1 hybrid","E_ferrisi","uninfected",-3.05934948081914,-1.48144365746643
"LM0262","E57","E64","E64","BUSNA_BUSNA","E57byABO",22.95,21.13,108.61334595362,1.42,8,"challenge",1,0,0,0,1,1,2500,"ferrisi_ferrisi",FALSE,-10.06,0.225145312864292,NA,-12.8075,-5.5025,-7.7025,23.5799326362425,14.0087942814146,18.1432841860627,11.1866140836533,20.2295715048547,21.3107971575532,18.0729061810452,12.6321772609063,17.397090819855,9.4397903697346,NA,8.61375169695747,20.2936787052397,13.9163752548075,18.4986235602716,7.48151319580746,22.5984043289242,4.20308920788306,9.68427820908167,13.2740633559065,22.0808739054696,17.2198372802111,NA,NA,-16.0984194404351,-6.5272810856071,-10.6617709902552,-3.70510088784579,-12.7480583090472,-9.91557762404755,-13.8292839617457,-10.5913929852377,NA,-9.7383240844036,-5.15066406509889,-1.95827717392714,NA,-1.13223850115001,-12.8121655094322,-6.43486205900004,-11.0171103644641,-15.1168911331167,3.2784239879244,-2.20276501327421,-5.79255016009909,-14.5993607096621,"mLN",28.295,27.23,38.21,8.875,5.925,65.7,1.935,41.455,35.575,19.175,31.745,3.055,19.105,1760.56338028169,NA,"neg",72.66,0.46,NA,8,102500,98.9588263132986,"challenge","F0 M. m. musculus","E_ferrisi","E_ferrisi",4.19544601188197,-5.69760681951641
"LM0263","E57","E64","E64","PWD_SCHUNT","E57byLMZ",21.26,21.25,100.047058823529,1.56,8,"challenge",4,8,1,7,1,20,50000,"ferrisi_ferrisi",FALSE,-8.38,15.5470128102051,NA,-4.88,-12.735,-6.165,NA,14.6188430619924,20.0379534121499,12.0986136218702,22.3138901942386,21.0754230392755,22.751649719922,18.6600622904604,28.8919888417014,8.95431373288528,24.3126690900825,17.9907068261083,24.237810138663,15.1201343069242,20.8006103951064,9.99647535570778,24.7875029276667,4.60541642210543,10.0172037449235,15.0440225112261,23.6913094028253,25.8708712777426,NA,NA,NA,-4.62236770628457,-10.0414780564421,-2.10213826616242,-12.3174148385309,-18.8955134859936,-11.0789476835678,-12.7551743642142,NA,-15.8743959220348,-8.66358693475262,1.0421616228225,-14.3161937343747,-7.9942314704005,-14.2413347829552,-5.12365895121647,-10.8041350393987,-14.7910275719589,5.39105893360235,-0.0207283892157299,-5.04754715551837,-13.6948340471175,"mLN",53.27,6.67,23.525,7.885,3.54,53.2,1.36,24.045,17.865,11.125,29.02,2.9,23.535,32051.2820512821,NA,"pos",93.26,0.76,NA,8,322500,95.6705882352941,"challenge","F1 hybrid","E_ferrisi","E_ferrisi",-0.636884457646492,0.00262135794855396
"LM0264","E57","E64","UNI","PWD_PWD","E57bxADL",17.81,17.88,99.6085011185682,1.01,8,"challenge",0,0,0,0,1,0,0,"ferrisi_uninfected",FALSE,-10.02,12.6543617317481,NA,-7.4725,-1.0475,-4.9125,23.7699313326364,21.3352432512255,23.4433450515126,18.0177713150393,23.9933980730978,24.2382986023258,22.0269605700881,16.7577724769343,23.7805915492905,11.4807866418424,19.9903096426433,10.2552150748662,10.9237092545326,17.3109568562049,25.2820982514114,13.4294895347437,25.6944922233567,9.6445824919256,12.0419297550326,19.347456544328,26.1092263946929,NA,NA,NA,-10.3404417978927,-7.90575371648185,-10.0138555167689,-4.5882817802956,-10.5639085383541,-10.3511020145468,-10.8088090675821,-8.59747103534445,NA,NA,-3.3282829421906,1.94870289290135,-6.5608201078996,3.17427445987755,2.5057802802111,-3.88146732146125,-11.8526087166677,-12.265002688613,3.78490704281811,1.38755977971105,-5.9179670095843,-12.6797368599492,"mLN",54.265,9.475,10.55,4.22,1.425,22.075,1.07,31.665,27.88,6.615,10.91,1.11,20.565,0,15.6812526580593,"neg",90.525,0.395,NA,8,0,98.7136465324385,"challenge","F0 M. m. musculus","E_ferrisi","uninfected",-2.43743516604904,-1.60263965349221
"LM0265","E57","E64","E64","BUSNA_STRA","E57byIMQ",26.37,26.43,99.7729852440409,2.45,8,"challenge",0,0,0,1,1,1,2500,"ferrisi_ferrisi",FALSE,-11.42,24.5913139705393,NA,-5.5275,-15.3325,-6.5675,22.868144169834,16.9420102299188,20.3136848149697,12.246574968978,19.8896704331148,21.6225374867727,22.4387952084183,17.6432435760796,19.9349384850854,8.74869479833603,26.2044250750036,7.94036852936516,12.2929914124714,15.5188925759275,20.7922893171572,10.0952985882817,26.1161360494092,6.06310032505876,9.98061190569467,14.7582943323047,18.449809351917,23.5742595736005,NA,NA,-12.7728455815523,-6.84671164163715,-10.218386226688,-2.15127638069635,-9.7943718448331,-9.83963989680365,-11.527238898491,-12.3434966201366,NA,-13.4789609853188,-7.5479449877979,1.34660378994568,-16.1091264867219,2.15493005891654,-2.19769282418965,-5.42359398764585,-10.6969907288755,-16.0208374611275,4.03219826322294,0.114686682587035,-4.662995744023,-8.35451076363525,"mLN",48.49,5.22,36.585,17.105,3.37,72.075,0.62,38.04,27.135,6.945,43.535,2.015,11.53,1020.40816326531,NA,"neg",94.7,1.225,NA,8,135000,89.7843359818388,"challenge","F1 hybrid","E_ferrisi","E_ferrisi",-0.105860526995841,-0.0723780679041155
"LM0266","E57","E64","UNI","SCHUNT_STRA","E57bxIOS",19.59,23.94,81.8295739348371,2.79,8,"challenge",0,0,0,0,1,0,0,"ferrisi_uninfected",FALSE,-8.25,1.04028249056332,NA,-8.0425,0.862500000000001,-4.0675,22.8602331986109,18.9940360060162,24.8155639640174,18.2535486118246,NA,25.1276960304139,24.1216119414436,18.206100425954,21.6842085396087,10.5770257126094,NA,8.76108957133845,9.02311456548623,19.5473974945803,23.6363807177405,14.0523243176508,NA,12.7959827115384,9.83800799492806,22.3224350125358,29.8748154071556,24.3495689094311,NA,NA,-8.80790888096015,-4.94171168836545,-10.7632396463666,-4.20122429417385,NA,-7.63188422195795,-11.0753717127632,-10.0692876237928,NA,-10.2972445917803,-4.15377610830325,3.4752986050414,NA,5.2912347463123,5.02920975216452,-5.49507317692955,-9.5840564000897,NA,1.2563416061123,4.21431632272269,-8.2701106948851,-15.8224910895049,"mLN",56.78,4.835,16.835,13.005,1.735,11.91,1.12,50.07,18.02,2.365,6.815,1.13,8.335,0,9.65487230528789,"neg",95.165,0.385,NA,8,0,81.8295739348371,"challenge","F1 M. m. domesticus","E_ferrisi","uninfected",-3.12150660065878,0.541046403106948
"LM0268","E57","E64","UNI","SCHUNT_SCHUNT","E57bxGSW",19.11,20.84,91.6986564299424,2.11,8,"challenge",0,0,0,0,1,0,0,"ferrisi_uninfected",FALSE,-8.15,22.2297969084074,NA,-16.435,-8.365,-12.48,28.451417794332,16.5653086453134,20.5362899122995,16.273956144714,22.3519514560421,23.6856057259653,21.1398065472006,16.6674842293051,25.8912612256038,13.6912134523603,NA,12.03806802493,20.9299189729138,15.6788493653265,22.6302452891825,12.6047792572727,28.7192369288301,13.9191829909592,15.5605567693769,16.9562183693268,20.4384369134242,NA,NA,NA,-15.8466385370592,-3.9605293880406,-7.93151065502675,-3.6691768874413,-9.74717219876935,-13.286481968331,-11.0808264686926,-8.5350272899279,NA,NA,-4.0627049720323,-1.08643419508755,NA,0.566711232342799,-8.325139715641,-3.0740701080538,-10.0254660319097,-16.1144576715573,-1.3144037336865,-2.9557775121042,-4.35143911205405,-7.8336576561515,"mLN",67.43,3.9,13,12.72,1.855,13.035,1.44,19.12,14.64,4.765,7.74,1.825,15.605,0,4.78446213666117,"neg",96.08,0.525,NA,8,0,90.4510556621881,"challenge","F0 M. m. domesticus","E_ferrisi","uninfected",-3.59448742926388,1.19904945906843
"LM0269","E57","E64","E64","STRA_SCHUNT","E57byLOT",21.19,21.6,98.1018518518518,1.22,8,"challenge",0,0,0,0,1,0,0,"ferrisi_ferrisi",TRUE,-7.91,28.0476364972057,NA,-6.3075,-13.0275,-3.8175,22.6945137545379,15.8519952281937,20.5380217989712,12.968113011024,21.2567865239748,20.7664904922603,22.9205290335294,17.4248919313573,20.0282347108054,8.20314064939407,NA,8.23377547229276,17.4259174143897,17.3546871721475,21.2368888948476,11.8837161118819,29.1641542471793,9.98238761678727,9.48288992395858,14.8634416911452,21.0813504721469,24.1187439281352,NA,NA,-10.810797642656,-3.9682791163118,-8.65430568708925,-1.0843968991421,-9.37307041209295,-8.14451859892345,-8.8827743803784,-11.0368129216475,NA,-12.2350278162533,-5.54117581947535,3.68057546248783,NA,3.64994063958913,-5.5422013025078,-5.47097106026565,-9.3531727829657,-17.2804381352974,1.90132849509462,2.40082618792332,-2.9797255792633,-9.197634360265,"mLN",53.51,4.525,30.58,17.135,5.615,41.68,0.975,22.355,7.365,16.415,45.83,5.475,31.365,0,NA,"pos",95.405,0.465,NA,8,47500,91.25,"challenge","F1 M. m. domesticus","E_ferrisi","E_ferrisi",0.13878251985833,2.64283925321402
"LM0270","E57","E64","E64","SCHUNT_STRA","E57byKMQ",23.01,23.89,96.3164503976559,1.58,8,"challenge",0,0,0,0,1,0,0,"ferrisi_ferrisi",FALSE,-9.75,19.7264528663963,NA,-10.955,-5.455,-8.01,24.1637277869359,13.9324144443423,18.9760745198312,11.2299355811096,19.7080487964698,21.1572813788438,23.0309148117982,13.4023246731884,19.0715036899568,9.72538579890607,24.647329628428,6.81417730773316,11.0036530094881,13.4082244233311,20.0337147003139,8.34556377853086,21.107975409495,5.91748211134282,11.1942861273474,13.0495310779125,16.8455768381866,22.4374119795842,NA,NA,-15.818164008405,-5.58685066581149,-10.6305107413003,-2.88437180257874,-11.3624850179389,-10.725939911426,-12.8117176003129,-14.6853510332673,NA,-14.0918482010534,-5.05676089465759,-1.37982202037522,-16.3017658498971,1.5313864707977,-2.65808923095724,-5.06266064480029,-11.688150921783,-12.7624116309641,2.42808166718804,-2.84872234881654,-4.70396729938164,-8.5000130596557,"mLN",49.935,6.265,43.855,12.8,5.395,56.13,0.875,30.46,13.72,7.845,51.61,5.17,21.41,0,NA,"neg",93.705,1.41,NA,8,180000,94.1816659690247,"challenge","F1 M. m. domesticus","E_ferrisi","E_ferrisi",1.02128788415317,0.864759293762131
"LM0271","E57","E64","UNI","STRA_BUSNA","E57bxPSU",23.34,24.25,96.2474226804124,2.08,8,"challenge",0,0,0,0,1,0,0,"ferrisi_uninfected",FALSE,-9.2,11.5962495992721,NA,-10.305,-4.755,-8.22,21.7980123411418,18.7167734683646,23.2769245829869,17.6294897947424,25.0863092824501,23.5299177077431,22.3896896604897,19.5813925265418,19.7186125227633,10.8813574562378,25.7240859242652,10.2673964863261,11.2192874836012,15.9894956434557,20.7705464758042,12.2506542516524,28.5023767175349,10.5118003827675,11.4291759728468,16.4565285712015,24.0075822963731,NA,NA,NA,-9.5473580894894,-6.4661192167121,-11.0262703313344,-5.3788355430899,-12.8356550307976,-7.46795827111085,-11.2792634560906,-10.1390354088372,NA,NA,-7.33073827488935,1.3692967954147,-13.4734316726128,1.98325776532636,1.03136676805125,-3.7388413918032,-8.5198922241518,-16.2517224658825,1.73885386888495,0.82147827880565,-4.20587431954905,-11.7569280447206,"mLN",42.86,8.465,8.225,10.045,1.78,31.145,1.11,63.235,20.855,3.855,10.13,1.36,8.335,0,1.65664455658793,"neg",91.535,0.35,NA,8,2500,93.4432989690722,"challenge","F1 hybrid","E_ferrisi","uninfected",-1.83971682003865,-0.727274399056777
"LM0272","E57","E64","UNI","BUSNA_STRA","E57byAYZ",22.78,22.77,100.043917435222,1.48,8,"challenge",0,0,0,0,1,0,0,"ferrisi_uninfected",FALSE,-10.55,NA,NA,-12.895,-6.865,-9.9,23.4152638342547,19.9650373134449,21.6639313762354,19.1142166407791,NA,20.4478437890245,20.2811924488034,17.7224966823162,20.3340746319839,11.7399649503458,21.9452609002262,12.1989077089514,12.9607347287558,16.7475579720766,20.5324594991532,12.5288263365645,29.5392885078926,10.8428033039296,12.1558586924634,17.7627675033397,21.5084026336148,NA,NA,NA,-10.8864374976901,-7.43621097688035,-9.1351050396709,-6.5853903042146,NA,-7.80524829541935,-7.91901745246,-7.7523661122388,NA,NA,-5.1936703457517,0.788861386218798,-9.4164345636616,0.3299186276131,-0.43190839219125,-4.2187316355121,-8.0036331625887,-17.0104621713281,1.68602303263495,0.372967644101198,-5.23394116677515,-8.9795762970503,"mLN",55.305,7.315,22.15,12.34,1.835,34.18,1.01,12.905,12.335,3.985,23.61,1.225,10.585,0,NA,"neg",92.525,0.62,NA,8,0,98.8142292490119,"challenge","F1 hybrid","E_ferrisi","uninfected",-2.34289556844691,0.13530783209536
"LM0273","E57","E64","UNI","STRA_SCHUNT","E57byKQW",21.81,21.7,100.506912442396,2,8,"challenge",0,0,0,0,1,0,0,"ferrisi_uninfected",FALSE,-10.42,16.5237749733482,NA,-7.9625,-3.4275,-6.1625,23.2842574040283,18.1923301676542,23.0763408257872,16.7348895957863,NA,NA,23.4860921675106,19.9158327328431,22.3927862379425,8.94237985880928,24.3899040197945,8.41806612723685,9.84744218052595,16.5383929764813,25.2449530478198,13.0941213250257,25.3893344259824,11.8244400237267,9.66067097090052,15.4136940640152,20.8322518013916,24.0181591970742,NA,NA,-10.1901360790026,-5.0982088426286,-9.9822195007616,-3.6407682707607,NA,-9.29866491291685,NA,-10.391970842485,NA,-10.9240378720486,-6.8217114078175,4.15174146621637,-11.2957826947688,4.6760551977888,3.2466791444997,-3.44427165145565,-12.1508317227941,-12.2952131009568,1.26968130129895,3.43345035412514,-2.3195727389896,-7.73813047636595,"mLN",52.1,5.205,31.795,18.21,2.74,21.99,0.73,27.275,18.26,2.81,15.015,2.01,8.88,0,NA,"neg",94.675,0.46,NA,8,0,95.2534562211982,"challenge","F1 M. m. domesticus","E_ferrisi","uninfected",-2.45680573057034,0.91245406193101
"LM0275","E57","E64","UNI","SCHUNT_PWD","E57byMNW",22.47,20.83,107.873259721555,1.19,8,"challenge",0,0,0,0,1,0,0,"ferrisi_uninfected",FALSE,4.14,6.05707055172943,NA,-9.04,-3.14,-5.23,25.1914860347071,18.543665215083,22.5373289673811,17.2799743954478,NA,22.2004370320836,22.0479899619294,17.9701781480379,18.6052662563155,9.03673784693291,22.0558620707023,7.43517244519219,13.0263806746388,16.0578340780279,21.4975624781425,9.85543376624711,25.5629498816263,7.03634228889023,8.83099308375981,15.6200869205792,20.4064342003563,25.9475863247458,NA,NA,-15.33605226846,-8.68823144883594,-12.681895201134,-7.42454062920064,NA,-8.74983249006834,-12.3450032658365,-12.1925561956823,NA,-16.0921525584987,-8.11474438179079,0.818695919314202,-12.2004283044552,2.42026132105492,-3.17094690839169,-6.20240031178079,-11.6421287118954,-15.7075161153792,2.81909147735688,1.0244406824873,-5.76465315433204,-10.5510004341091,"mLN",48.705,11.315,19.245,7.59,3.11,35.555,1.435,39.995,26.645,17.735,27.745,3.215,34.27,0,NA,"neg",88.4,0.86,NA,8,0,100,"challenge","F1 hybrid","E_ferrisi","uninfected",0.579121694040606,-1.39267441152102
"LM0276","E57","E64","UNI","STRA_STRA","E57byBGY",31.04,29.59,104.90030415681,1,8,"challenge",0,0,0,0,1,0,0,"ferrisi_uninfected",FALSE,-10.61,37.2475522517456,NA,-9.66,-3.74,-6.19,21.6303429894298,17.5603883846058,22.1028665609198,18.416046216181,22.1366176214538,NA,24.9325545743462,19.4690877826149,20.0692915529441,8.84843462049575,25.7208095361968,8.20423271076617,9.88274853029303,18.0794382230615,22.9112355316026,13.0678383709692,NA,12.1325398382988,9.53581281291585,16.5634776437701,22.4549687613091,NA,NA,NA,-8.5625046184606,-4.4925500136366,-9.03502818995065,-5.34820784521175,-9.06877925048455,-7.00145318197485,NA,-11.864716203377,NA,NA,-6.40124941164575,4.21940375047345,-12.6529711652276,4.86360566020304,3.18508984067617,-5.01159985209225,-9.84339716063345,NA,0.935298532670449,3.53202555805335,-3.4956392728009,-9.3871303903399,"mLN",42.07,5.53,31.595,9.75,3.055,29.22,0.84,30.17,7.725,6.5,18.93,3.605,22.265,0,NA,"neg",94.4,1.315,NA,8,0,100,"challenge","F0 M. m. domesticus","E_ferrisi","uninfected",-0.60960171263217,0.789514287088795
"LM0277","E57","E64","UNI","BUSNA_STRA","E57byCEK",23.62,23.88,98.9112227805695,1.52,8,"challenge",0,0,0,0,1,0,0,"ferrisi_uninfected",FALSE,-10.39,14.6670411958386,NA,-10.64,-3.945,-6.145,23.742732394377,18.4016885074688,24.6027768302043,19.7530836048339,NA,26.1951233429938,21.857195947856,19.765625757342,18.4677379103723,9.75296607411017,28.6691043419647,9.57718042549681,10.4041963560332,17.1390110678227,21.8554804726176,11.8275147208406,NA,9.87983803755835,11.0971729675708,16.949290086998,24.0858249864377,NA,NA,NA,-11.9152176735364,-6.57417378662825,-12.7752621093637,-7.9255688839933,NA,-6.64022318953175,-14.3676086221532,-10.0296812270154,NA,NA,-7.93811103650135,2.07454864673043,-16.8415896211241,2.25033429534379,1.42331836480735,-5.31149634698205,-10.027965751777,NA,1.94767668328225,0.730341753269752,-5.12177536615745,-12.2583102655971,"mLN",55.005,4.635,17.73,12.165,1.51,28.17,0.66,9.7,21.5,3.325,12.075,0.41,3.605,0,NA,"neg",95.245,0.385,NA,8,0,89.4472361809045,"challenge","F1 hybrid","E_ferrisi","uninfected",-3.79701394936813,-0.0918999909043336
"LM0278","E57","E64","UNI","SCHUNT_PWD","E57byDTU",22.24,20.88,106.513409961686,1.17,8,"challenge",0,0,0,0,1,0,0,"ferrisi_uninfected",FALSE,-10.99,27.8926078147264,NA,-9.91,-5.355,-8.825,20.9371095847142,16.5168168994496,18.5850505002717,16.4718825637324,22.9100482086997,17.8693997132482,16.7374922795452,14.9714313797988,19.0583640955075,11.4952143420768,20.757766366578,10.4136183253227,11.9895361911842,14.7744820311995,19.6767363873664,10.5617946264688,21.1448157092609,8.46697238453292,12.42942235904,15.733709874571,16.4638387778409,23.2212554473691,NA,NA,-10.3753149582455,-5.95502227298075,-8.02325587380295,-5.91008793726355,-12.3482535822309,-8.4965694690387,-7.30760508677945,-6.17569765307635,NA,-12.6594608209003,-4.40963675332995,-0.933419715608,-10.1959717401093,0.148176301146098,-1.42774156471545,-4.21268740473065,-9.1149417608976,-10.5830210827921,2.09482224193588,-1.86762773257115,-5.17191524810225,-5.9020441513721,"mLN",55.135,4.955,19.55,6.445,1.305,27.14,0.485,19.2,27.155,3.9,6.5,1.02,7.42,0,NA,"neg",94.96,0.475,NA,8,0,100,"challenge","F1 hybrid","E_ferrisi","uninfected",-3.60028368513562,-0.928070533632097
"LM0279","E57","E64","E64","BUSNA_BUSNA","E57byFPV",21.27,21.35,99.6252927400468,1.1,8,"challenge",0,2,0,0,1,2,5000,"ferrisi_ferrisi",TRUE,-9.18,8.41303699477307,NA,-12.4775,-12.0475,-8.6525,24.4325628669783,13.826512560667,16.8640773095404,8.66183839209403,16.5729412772112,17.7911719698063,18.6527540893432,14.2530614299023,13.2183468001883,7.15412550817764,23.8602828411534,7.9514766297769,15.1160644904802,10.2303389923071,17.363586757958,6.38964069283299,18.0802665749296,3.78510900190007,10.9740217905926,12.412999418407,13.7866408838176,20.401078091576,NA,NA,-18.0429221741453,-7.43687186783406,-10.4744366167075,-2.27219769926104,-10.1833005843783,-6.82870610735531,-11.4015312769733,-12.2631133965103,NA,-14.011437398743,-7.8634207370693,-0.76448481534465,-17.4706421483204,-1.5618359369439,-8.72642379764716,-3.84069829947406,-10.973946065125,-11.6906258820966,2.60453169093293,-4.58438109775966,-6.02335872557401,-7.39700019098461,"mLN",48.92,14.3,52.62,14.605,7.425,79.505,1.73,69.7,21.09,21.605,36.21,2.315,14.775,4545.45454545455,NA,"neg",85.59,2.34,NA,8,205000,95.5971896955503,"challenge","F0 M. m. musculus","E_ferrisi","E_ferrisi",4.53733775256296,-2.57814611464853
"LM0280","E57","E64","E64","SCHUNT_SCHUNT","E57byMRZ",18.5,17.57,105.293113261241,1.42,8,"challenge",0,0,0,0,1,0,0,"ferrisi_ferrisi",TRUE,-7.12,54.1465789028593,NA,-10.185,-3.255,-5.19,29.9860272914978,13.2452475444151,22.1544665865557,13.9158618047638,22.8261805472556,22.0427494977923,NA,17.1835847228663,25.4172445059758,8.98701039256118,27.49618696699,9.59730165355726,21.7417445118641,16.2704902885544,23.0763939005803,11.7935584667913,24.783063066309,5.2592627278585,10.3072052585626,14.3704955095453,19.7044475654641,24.7476766667445,NA,NA,-18.1924688247064,-1.4516890776237,-10.3609081197643,-2.1223033379724,-11.0326220804642,-13.6236860391844,-10.2491910310009,NA,NA,-12.9541181999532,-5.3900262560749,2.80654807423017,-15.7026285001986,2.19625681323409,-9.94818604507275,-4.47693182176305,-11.282835433789,-12.9895045995177,6.53429573893284,1.48635320822875,-2.576937042754,-7.91088909867275,"mLN",60.705,3.74,36.475,18.505,5.28,48.67,1.94,24.22,18.575,8.135,46.22,2.31,17.46,0,NA,"pos",96.2,0.6,NA,8,242500,100,"challenge","F0 M. m. domesticus","E_ferrisi","E_ferrisi",-0.69612322371478,1.68880825361596
"LM0282","E57","E64","UNI","STRA_STRA","E57byFRU",35.04,30.09,116.450648055832,1.96,8,"challenge",0,0,0,0,1,0,0,"ferrisi_uninfected",FALSE,-12.69,23.307649530542,NA,-5.255,-11.83,-5.85,24.2897709246335,17.3165438857055,21.1655160643174,17.871125976402,NA,22.65765779467,22.1037762950083,17.7197588539382,18.1009722136031,10.4818667410843,23.2710899794814,9.32665665706399,9.90806942532028,15.8817257060089,19.5978888690015,10.4519056302454,NA,11.4953409562894,11.4879126947279,16.2978523798315,20.6000162948241,22.4380075694379,NA,NA,-13.8378652943881,-6.86463825546005,-10.7136104340719,-7.4192203461566,NA,-7.6490665833577,-12.2057521644246,-11.6518706647629,NA,-11.9861019391925,-7.2678532236927,-0.0299611108388014,-12.819184349236,1.12524897318146,0.543836204925167,-5.42982007576345,-9.14598323875605,NA,-1.04343532604395,-1.0360070644825,-5.8459467495861,-10.1481106645786,"mLN",49.85,4.7,26.94,8.94,3.02,22.305,1.4,21.805,10.375,6.72,17.135,2.78,18.35,0,NA,"neg",95.235,0.71,NA,8,0,100,"challenge","F0 M. m. domesticus","E_ferrisi","uninfected",-1.77486559380185,0.882348008500618
"LM0283","E57","E64","UNI","PWD_PWD","E57byLYZ",19.35,19.1,101.30890052356,1.49,8,"challenge",0,0,0,0,1,0,0,"ferrisi_uninfected",FALSE,-10.57,33.822275433801,NA,-10.3775,-2.8525,-5.16249999999999,22.7877227200633,18.8263527310812,24.6974212094301,17.1107500149809,22.5839732582767,23.1675685973307,24.8133104131235,18.9860575835643,19.0598015922397,10.4813456345855,24.3209981143075,8.57305259319408,9.25311775596537,16.6424527742189,22.9071464843822,11.2415960907118,NA,7.75849579654361,11.493739044238,17.4586270506589,22.0130359478931,29.5507309293803,NA,NA,-11.5461266293515,-7.5847566403693,-13.4558251187183,-5.869153924269,-11.3423771675648,-7.8182055015278,-11.9259725066188,-13.5717143224117,NA,-18.3091348386684,-7.74446149285245,0.76025045612635,-13.0794020235957,2.66854349751777,1.98847833474648,-5.4008566835071,-11.6655503936704,NA,3.48310029416824,-0.252142953526199,-6.217030959947,-10.7714398571812,"mLN",53.755,9.235,19.495,6.415,1.375,27.52,0.83,28.285,29.465,4.22,16.695,0.83,9.825,0,NA,"neg",90.6,0.745,NA,8,0,96.3350785340314,"challenge","F0 M. m. musculus","E_ferrisi","uninfected",-2.34017309624124,-1.99604566170878
"LM0284","E57","E64","E64","STRA_BUSNA","E57byLRS",23.55,22.39,105.180884323359,1.5,8,"challenge",0,0,1,0,1,1,2500,"ferrisi_ferrisi",TRUE,-6.19,48.3675947493746,NA,-8.2675,-2.3425,-4.1425,22.5319670110627,17.2664782880845,21.3286839938343,15.9290755914747,NA,NA,22.5405251134862,17.8300445653298,21.655257806678,8.95884987098114,NA,7.63271970283728,8.44045524372275,19.8079095030429,24.1865740235126,14.5386026211138,29.5159143894816,9.22577001639492,9.6324046919363,17.4447625481548,21.638221861939,24.7155533027551,NA,NA,-7.9933643899489,-2.72787566697065,-6.7900813727204,-1.39047297036085,NA,-7.1166551855641,NA,-8.0019224923723,NA,-10.1769506816413,-3.2914419442159,5.57975275013271,NA,6.90588291827657,6.0981473773911,-5.26930688192905,-9.6479714023988,-14.9773117683678,5.31283260471893,4.90619792917754,-2.906159927041,-7.0996192408251,"mLN",48.38,6.965,36.775,9.39,4.13,60.855,0.68,27.71,24.34,7.41,46.67,1.325,4.5,1666.66666666667,NA,"pos",92.955,0.85,NA,8,242500,97.7221974095578,"challenge","F1 hybrid","E_ferrisi","E_ferrisi",-0.555526187552946,-1.11033141913024
"LM0285","E57","E64","E64","PWD_PWD","E57byBMX",19.66,19.43,101.183736489964,1.4,8,"challenge",14,13,8,13,1,48,120000,"ferrisi_ferrisi",TRUE,-3.11,52.2081651889237,NA,-1.455,NA,-5.26499999999999,24.2020193588915,12.2124427028828,18.7059966324988,9.75455664676307,17.7226051519588,18.492360569474,18.198265297424,14.6871928317198,17.7921863695643,9.836892913316,23.3768620169187,9.85171812223389,11.5856222969821,14.4070684042912,19.93898378412,9.0891430561279,20.3861822427302,4.34644933690816,11.6579920666898,15.3356613057713,15.8600360558739,18.2003631102774,NA,NA,-15.1128763027636,-3.12329964675491,-9.61685357637091,-0.665413590635179,-8.63346209583095,-8.7030433134364,-9.40321751334606,-9.10912224129611,NA,-9.11122005414951,-5.5980497755919,-0.747749857188104,-14.2877189607909,-0.762575066105999,-2.4964792408542,-5.31792534816326,-10.8498407279921,-11.2970391866023,4.74269371921974,-2.56884901056191,-6.24651824964345,-6.77089299974605,"mLN",46.695,9.31,34.995,6.33,2.81,76.265,0.635,46.69,28.86,7.46,43.7,1.455,7.31,85714.2857142857,NA,"pos",90.59,1.605,NA,8,385000,97.2722593926917,"challenge","F0 M. m. musculus","E_ferrisi","E_ferrisi",0.621479351841144,-2.50981659074488
"LM0286","E57","E64","UNI","PWD_BUSNA","E57byCWZ",20.41,19.07,107.026743576298,1.44,8,"challenge",0,0,0,0,1,0,0,"ferrisi_uninfected",FALSE,-9.21,19.5159265822312,NA,-6.12,-1.42,-4.235,23.7966061395124,20.2475324386176,22.1221738578929,19.7085956905298,23.9738035384079,23.3283363179611,23.1260343370788,18.264646187911,21.8753568293223,9.97746138003942,24.9283836019405,8.41581157012998,8.07646971535858,17.3371724419163,21.6347301257788,11.9113746768871,28.1172470759033,9.1874857240242,10.9706660282097,19.3025332074904,21.390203887279,26.0322747893115,NA,NA,-11.8852314626253,-8.33615776173045,-10.2107991810057,-7.7972210136427,-12.0624288615208,-9.9639821524352,-11.416961641074,-11.2146596601916,NA,-14.1209001124243,-6.3532715110239,1.93391329684773,-13.0170089250534,3.49556310675717,3.83490496152857,-5.4257977650291,-9.7233554488916,-16.2058723990161,2.72388895286295,0.940708648677401,-7.39115853060325,-9.47882921039185,"mLN",58.17,7.095,12.905,5.325,1.33,22.6,0.63,23.055,33.33,8.91,6.915,0.4,5.01,0,NA,"neg",92.62,0.43,NA,8,0,98.3219716832722,"challenge","F1 M. m. musculus","E_ferrisi","uninfected",-3.45693353257788,-2.09234685402185
"LM0287","E57","E64","E64","BUSNA_PWD","E57byPRZ",20.85,18.83,110.727562400425,1.27,8,"challenge",0,0,0,1,1,1,2500,"ferrisi_ferrisi",TRUE,-6.34,52.366947921615,NA,7.7525,19.7025,NA,23.5914960817808,13.5651224027392,19.167852457338,9.84235255416496,18.3703452007064,19.8939311520504,21.5091589340459,15.6091598230099,17.9742621425474,9.02900705893381,24.4032473357554,9.31602592849792,9.88995056803811,13.8504189707073,18.8150794977645,8.84837610154867,21.1598489047443,4.86729487124074,11.106637369426,15.2592690121958,16.1625003289085,21.863563051493,NA,NA,-14.7431199802321,-4.71674630119053,-10.3194763557893,-0.993976452616295,-9.52196909915773,-9.12588604099873,-11.0455550505017,-12.6607828324972,NA,-13.0151869499444,-6.76078372146123,-0.180630957385144,-15.5548712342067,-0.46764982694925,-1.04157446648944,-5.00204286915863,-9.96670339621583,-12.3114728031956,3.98108123030793,-2.25826126787733,-6.41089291064718,-7.31412422735988,"mLN",50.8,9.805,35.235,8.23,5.48,76.185,1.43,59.04,34.585,15.035,35.205,1.54,9.265,1968.50393700787,NA,"pos",90.045,1.405,NA,8,2e+05,100,"challenge","F1 M. m. musculus","E_ferrisi","E_ferrisi",1.50914508310571,-2.64826165544255
"LM0288","E57","E64","UNI","PWD_BUSNA","E57byCIW",19.97,19.74,101.165146909828,1.37,8,"challenge",0,0,0,0,1,0,0,"ferrisi_uninfected",FALSE,-8.79,32.5857551761345,NA,-10.505,-5.495,-8.07,25.1602671002584,16.3828968544629,18.1975625112791,15.927925003618,20.7752426928708,20.8368124114881,18.6349612015787,17.2487319380739,14.4075855042054,8.04961263588847,NA,7.56325037579464,12.3509980330083,11.1280095733698,17.1726567716911,6.41156594615105,21.5470833676134,3.69094124222695,10.228502677137,13.4736781276697,18.0951439583022,29.1774514222616,NA,NA,-18.7487011541073,-9.97133090831185,-11.785996565128,-9.5163590574669,-14.3636767467197,-7.9960195580543,-14.425246465337,-12.2233952554277,NA,-22.7658854761105,-10.8371659919228,-1.63804668973742,NA,-1.15168442964359,-5.93943208685729,-4.71644362721875,-10.76109082554,-15.1355174214623,2.7206247039241,-3.81693673098599,-7.0621121815186,-11.6835780121511,"mLN",57.615,5.52,13.72,5.7,1.235,29.35,0.59,20.91,32.53,7.58,9.96,0.43,4.315,0,NA,"neg",94.32,0.335,NA,8,0,96.2006079027356,"challenge","F1 M. m. musculus","E_ferrisi","uninfected",-3.68470280359691,-1.60653083296458
"LM0289","E57","E64","UNI","SCHUNT_SCHUNT","E57byPSV",21.93,23.93,91.6422900125366,2.23,8,"challenge",0,0,0,0,1,0,0,"ferrisi_uninfected",FALSE,-9.18,11.1755693464102,NA,-9.55,-3.315,-7.37,20.430070495028,16.5578977416922,21.6453963738627,15.2519456814642,23.233718539633,20.9808644427021,20.2118819651331,17.4087173552523,17.7338113169845,9.38558076930801,27.6156588501772,8.56306688150229,9.97269468018808,15.7259630216275,21.3935013624606,10.1937079877585,23.4175946178865,8.18911649178735,10.1394068429127,15.2449262181169,17.6526984231191,24.2154303738349,NA,NA,-10.2363625072695,-6.3641897539337,-11.4516883861042,-5.0582376937057,-13.0400105518745,-7.54010332922595,-10.7871564549436,-10.0181739773746,NA,-14.0217223860764,-7.21500936749385,0.80812721845049,-17.4219508624187,1.63064110625621,0.22101330757042,-5.532255033869,-11.1997933747021,-13.223886630128,2.00459149597115,0.054301144845752,-5.0512182303584,-7.4589904353606,"mLN",67.755,3.245,22.775,17.04,1.835,15.255,1.08,12.22,14.995,5.16,6.565,1.07,9.73,0,NA,"neg",96.645,0.18,NA,8,0,90.1379022147932,"challenge","F0 M. m. domesticus","E_ferrisi","uninfected",-4.02475942897793,1.45039341907758
"LM0291","E57","E64","E64","PWD_BUSNA","E57byBQY",NA,24.85,NA,1.04,8,"challenge",2,9,9,2,1,22,55000,"ferrisi_ferrisi",TRUE,1.21,110.035712563026,NA,NA,NA,NA,NA,NA,NA,NA,NA,NA,NA,NA,NA,NA,NA,NA,NA,NA,NA,NA,NA,NA,NA,NA,NA,NA,NA,NA,NA,NA,NA,NA,NA,NA,NA,NA,NA,NA,NA,NA,NA,NA,NA,NA,NA,NA,NA,NA,NA,NA,"mLN",42.085,9.84,37.85,8.35,7.57,71.14,1.005,41.105,30.975,27.805,38.4,3.785,12.825,52884.6153846154,NA,"pos",89.995,1.43,NA,8,650000,97.2233400402415,"challenge","F1 M. m. musculus","E_ferrisi","E_ferrisi",2.62198763386668,-2.41703139312493
"LM0292","E57","E64","UNI","BUSNA_PWD","E57byMOR",22.46,22.15,101.399548532731,1.29,8,"challenge",0,0,0,0,1,0,0,"ferrisi_uninfected",FALSE,-7.97,22.3339434737452,NA,NA,NA,NA,NA,NA,NA,NA,NA,NA,NA,NA,NA,NA,NA,NA,NA,NA,NA,NA,NA,NA,NA,NA,NA,NA,NA,NA,NA,NA,NA,NA,NA,NA,NA,NA,NA,NA,NA,NA,NA,NA,NA,NA,NA,NA,NA,NA,NA,NA,"mLN",54.71,7,17.57,9.18,1.315,26.475,0.925,25.815,26.945,9.665,10.63,0.665,7.805,0,NA,"neg",92.895,0.545,NA,8,0,94.5823927765237,"challenge","F1 M. m. musculus","E_ferrisi","uninfected",-2.71101539238074,-1.28466601535779
"LM0294","E57","E64","E64","PWD_PWD","E57byFLN",16.67,17.02,97.9435957696827,1,8,"challenge",1,4,4,6,1,15,37500,"ferrisi_ferrisi",TRUE,11.61,177.312730924564,NA,-10.5775,-3.1975,-5.0975,25.9313254225885,11.9828319007786,18.2138957545639,10.0251611213139,17.5110323911033,18.3395866730099,19.3782635257634,13.2830497163412,29.8190324637808,8.13675436519845,27.1688557061427,10.8345157552494,29.918079213453,13.9297415445748,18.119904345632,8.62925586365886,19.9261094142813,3.57710698833342,10.3240907992995,14.5420030613819,16.013309744796,19.4405119761319,NA,NA,-17.3020695589296,-3.35357603711974,-9.58463989090509,-1.39590525765509,-8.88177652744444,-21.1897766001219,-9.71033080935104,-10.7490076621045,NA,-10.811256112473,-4.65379385268234,0.49250149846041,-18.5395998424838,-2.2052598915905,-21.2888233497941,-5.30048568091594,-9.49064848197314,-11.2968535506224,5.05214887532543,-1.69483493564063,-5.91274719772299,-7.38405388113714,"mLN",48.125,10.595,33.98,5.645,4.17,58.705,0.52,39.065,28.025,12.985,49.65,2.52,14.905,37500,NA,"pos",89.265,2.04,NA,8,317500,97.8260869565217,"challenge","F0 M. m. musculus","E_ferrisi","E_ferrisi",1.38850819646551,-2.63820583598075
"LM0352","P4","E64","E88","NMRI","P4bRXD",38.93,42.12,92.4264007597341,2.53,8,"challenge",50,45,39,47,1,181,452500,"ferrisi_falciformis",TRUE,3.95306666666666,566.870157402793,536.176207632468,NA,NA,NA,22.160675095107,23.4542593658642,22.9157591832979,21.4595254649216,25.3542774323687,28.8734364436374,27.5465273113926,16.7565030930869,25.3979489632382,7.14935655534329,25.6359359925639,6.2113221943923,10.154484174773,24.906656423045,27.0003511024991,25.3431280840657,NA,18.5723887524217,8.318660810483,29.5772385774166,23.1313510937027,25.0344505683338,NA,NA,3.18245298895865,1.8888687182015,2.4273689007678,3.88360261914405,-0.01114934830305,-0.0548208791725493,-3.53030835957175,-2.20339922732695,NA,0.308677515731848,8.58662499097875,18.1937715287224,-0.292807908498251,19.1318058896734,15.1886439092926,0.436471661020651,-1.65722301843345,NA,6.77073933164395,17.0244672735827,-4.23411049335095,2.211776990363,"mLN",14.6,14,26.7,7.63,8.13,60.6,3.7,62.1,6.58,11.4,24.4,5.82,38.3,NA,NA,NA,NA,NA,NA,8,680000,92.4264007597341,"challenge","other","E_ferrisi","E_falciformis",4.18198025908932,0.439900218300662
"LM0353","P4","E64","E88","NMRI","P4bIFU",40.5,43.86,92.3392612859097,1.93,8,"challenge",67,75,64,71,1,277,692500,"ferrisi_falciformis",TRUE,3.20803333333334,459.582673472966,550.746923994069,NA,NA,NA,26.089979776106,19.9600561317811,25.6651893637998,20.7245374360493,25.1198072157745,NA,29.0108695717846,19.7052061355279,NA,9.01622349770886,NA,9.24698397399879,14.1239158405712,24.9487132957497,NA,20.327051238739,NA,17.9135564795003,10.0843733357085,25.5866134532982,NA,NA,NA,NA,-5.762928537367,0.366995106957898,-5.33813812506075,-0.3974861973103,-4.79275597703545,NA,NA,-8.6838183330456,NA,NA,0.621845103211097,11.3108277410301,NA,11.0800672647402,6.20313539816785,-4.62166205701075,NA,NA,2.41349475923875,10.2426779030305,-5.2595622145592,NA,"mLN",17.9,11.8,34.5,11.5,13.1,63.5,3.16,64.2,9.98,16.2,22.8,8.4,37.7,NA,NA,NA,NA,NA,NA,8,692500,92.3392612859097,"challenge","other","E_ferrisi","E_falciformis",5.28763871715124,1.02637857291631
"LM0354","P4","E64","E64","NMRI","P4bMOP",40.49,41.65,97.2148859543818,3.03,8,"challenge",0,0,0,0,1,0,0,"ferrisi_ferrisi",FALSE,-7.57086666666667,256.089697167021,1724.6254375087,NA,NA,NA,27.750834326278,23.0747321812557,24.2206372170776,27.1695045278082,NA,28.0538111208572,NA,19.2318616428565,NA,8.98619322472665,27.9722702930135,8.88398173353603,23.6949560262717,27.7826373209709,25.8386160109091,22.3697205837575,27.5947403194681,20.8970725785165,9.48224363376901,24.7315297289386,27.597543596463,27.8075104436235,NA,NA,-5.38111374252045,-0.705011597498199,-1.85091663332005,-4.79978394405065,NA,NA,-5.68409053709965,NA,NA,-5.437789859866,3.1378589409011,13.3835273590309,-5.60254970925595,13.4857388502215,-1.32523544251415,-5.41291673721335,-3.46889542715155,-5.22501973571055,1.4726480052411,12.8874769499885,-2.3618091451811,-5.22782301270545,"mLN",27.2,11.5,25.6,9.05,4.78,54.9,2.17,42.7,8.93,12.4,30.6,2.85,23.7,NA,NA,NA,NA,NA,NA,8,1150000,95.2220888355342,"challenge","other","E_ferrisi","E_ferrisi",1.60277013696258,-0.150977948363932
"LM0355","P4","E64","UNI","NMRI","P4bKJY",48.37,45.85,105.496183206107,2.87,8,"challenge",0,0,0,0,1,0,0,"ferrisi_uninfected",FALSE,-5.20748333333334,275.954929080042,825.920504970049,NA,NA,NA,21.6995325032779,24.1880022854863,22.8665337706618,22.5175761887665,NA,25.0174951912964,25.0979272313979,18.0311182173069,23.561290381596,8.74704045498052,26.3946833633429,7.86511076670022,9.54046352207562,19.913584410588,29.0749831176039,20.5316782469776,NA,16.3329640892639,9.66553218272971,21.4276791121399,23.9154151631362,26.2950209718986,NA,NA,-1.16785425630025,-3.6563240385087,-2.33485552368411,-1.98589794178885,NA,-3.02961213461835,-4.48581694431875,-4.56624898442025,NA,-5.76334272492095,2.5005600296707,11.7846377919971,-5.8630051163653,12.6665674802774,10.991214724902,0.618093836389697,-8.54330487062625,NA,4.1987141577137,10.8661460642479,-0.8960008651623,-3.38373691615855,"mLN",52.6,14.4,8.07,3.23,4.83,15.8,1.53,13.3,15.4,13.7,6.07,3.05,21.5,NA,NA,NA,NA,NA,NA,8,0,100,"challenge","other","E_ferrisi","uninfected",-1.54439772312021,-0.876893063350246
"LM0356","P4","E88","E88","NMRI","P4bQSH",38.55,39.94,96.5197796695043,3.24,8,"challenge",0,0,0,0,1,0,0,"falciformis_falciformis",TRUE,-7.3878,238.721489574293,1516.52782888452,NA,NA,NA,23.5846254351872,23.3349184215125,22.7607117120809,22.1306371785126,29.0962195259074,27.9559531945106,25.5210412451934,15.8470755192537,NA,9.50561320526808,20.3465072644578,9.11781327402531,10.2106226605276,25.6445374232342,26.8935123838192,NA,NA,9.49318690857507,11.330597193641,26.128982288859,26.6748531526249,26.8388977457789,NA,NA,NA,NA,NA,NA,NA,NA,NA,NA,NA,NA,NA,NA,NA,NA,NA,NA,NA,NA,NA,NA,NA,NA,"mLN",28.4,15.2,24.9,8.36,11.6,54.6,3.03,43.8,7.77,19.5,26.5,9.34,36.9,NA,NA,NA,NA,NA,NA,8,307500,94.9924887330996,"challenge","other","E_falciformis","E_falciformis",4.38381352838569,0.701435367825914
"LM0357","P4","E88","E88","NMRI","P4bXUM",38.07,42.76,89.0318054256314,1.46,8,"challenge",0,0,0,0,1,0,0,"falciformis_falciformis",TRUE,-4.1202,179.401561539756,1405.10783908261,NA,NA,NA,NA,22.5191940778491,23.5278486011299,24.3624302105162,NA,28.1800427102892,26.8086585709081,23.1396167819499,29.954326104104,7.02829417852897,NA,9.2496195031775,25.6818226241329,23.7054033155257,NA,22.1039319591007,NA,14.714597728512,8.04171450120431,24.105202721805,28.9325484937999,28.7418415330508,NA,NA,NA,-0.415262118748352,-1.42391664202925,-2.2584982514155,NA,-7.8503941450033,-6.07611075118855,-4.70472661180735,NA,-6.63790957395015,-1.0356848228492,15.0756377805717,NA,12.8543124559232,-3.5778906650322,-1.601471356425,NA,NA,7.3893342305887,14.0622174578964,-2.0012707627043,-6.8286165346992,"mLN",20.3,11.1,30.6,12.1,6.87,63.1,3.79,65.8,5.87,12.8,16.6,3.91,28.9,NA,NA,NA,NA,NA,NA,8,107500,84.4246959775491,"challenge","other","E_falciformis","E_falciformis",3.47325594880793,0.52829724786847
"LM0358","P4","E88","E64","NMRI","P4bGAB",43.53,46.92,92.7749360613811,4.61,8,"challenge",3,2,1,0,1,6,15000,"falciformis_ferrisi",TRUE,-5.42953333333333,79.8828764448402,976.907992035273,NA,NA,NA,23.0161080648426,24.1284466452529,22.750957868647,22.3648202972043,NA,25.6999876495587,27.8965234961025,17.5881132286893,NA,7.67925853539928,28.0131817678252,7.52980583937237,12.4953649399356,24.0566317088348,25.8856036241066,22.4783069187059,25.4332425160186,20.7203188859762,7.08720302927083,26.2686131389745,27.6907767619357,24.8861242843822,NA,NA,-0.537801146136747,-1.650139726547,-0.272650949941099,0.113486621501551,NA,NA,-3.2216807308528,-5.4182165773966,NA,-2.4078173656763,4.8901936900166,14.7990483833066,-5.5348748491193,14.9485010793335,9.9829419787703,-1.57832479012895,-3.4072967054007,-2.9549355973127,1.7579880327297,15.3911038894351,-3.7903062202686,-5.2124698432298,"mLN",25.4,12,23.2,9.41,9.08,49.7,2.06,52.4,6.14,20.5,22.5,9.13,50.1,NA,NA,NA,NA,NA,NA,8,1132500,87.6811594202899,"challenge","other","E_falciformis","E_ferrisi",3.99705999260514,1.36546975436388
"LM0359","P4","E88","UNI","NMRI","P4bYNV",41.19,42.12,97.7920227920228,2.21,8,"challenge",0,0,0,0,1,0,0,"falciformis_uninfected",FALSE,-8.60266666666667,271.95186278651,67.4228954674777,NA,NA,NA,20.7549154501497,22.1480775376824,21.4884419214015,21.2290966531452,NA,29.1313121741035,27.8252661212728,18.6303921950662,22.6056001677909,8.82307395799182,NA,7.07176278291037,8.97946843381716,18.8414892906363,26.7658567499592,17.5016287058071,NA,10.9754654181832,9.16224817310544,19.6048387310836,29.1340416603387,24.1826650261184,NA,NA,-3.25328674434265,-4.6464488318753,-3.9868132155944,-3.7274679473382,NA,-5.1039714619839,-11.6296834682964,-10.3236374154658,NA,-6.6810363203113,-1.12876348925915,8.67855474781523,NA,10.4298659228967,8.5221602719899,-1.3398605848293,-9.26422804415215,NA,6.52616328762383,8.33938053270161,-2.10321002527655,-11.6324129545316,"mLN",31.5,17.5,13.6,17.5,5.73,19.4,2.35,12.4,14.7,3.37,11.8,6.59,7.21,NA,NA,NA,NA,NA,NA,8,0,97.3171889838557,"challenge","other","E_falciformis","uninfected",-0.408632593512448,0.413778309918235
"LM0361","P4","Eflab","E88","NMRI","P4bRLM",37.51,43.11,87.0099744838785,2.6,8,"challenge",1,1,1,0,1,3,7500,"falciformis_falciformis",TRUE,-4.80946666666667,243.699389206344,1530.7263620328,NA,NA,NA,26.9151008866112,23.7366855778749,25.8003705379371,26.7469526811413,NA,29.0996205652941,NA,20.0249791868359,29.771857355728,10.5669316040657,NA,10.3019816045052,15.2461473338253,24.0719849727512,NA,23.2741904867114,NA,22.0213348685913,13.5819840797881,NA,28.3766399942671,NA,NA,NA,-3.64091039989975,-0.462495091163454,-2.52618005122565,-3.47276219442981,NA,-6.49766686901655,-5.82543007858265,NA,NA,NA,3.2492112998755,12.7072588826458,NA,12.9722088822062,8.0280431528861,-0.797794486039706,NA,NA,1.25285561812014,9.6922064069233,NA,-5.10244950755565,"mLN",14.7,18.9,30,20,12.4,58.7,3.03,58,7.3,10.2,23.5,9.7,21.5,NA,NA,NA,NA,NA,NA,8,280000,82.0227325446532,"challenge","other","E_falciformis","E_falciformis",4.84888246507832,1.20712323622692
"LM0363","P4","Eflab","UNI","NMRI","P4bPQS",41.55,43.11,96.3813500347947,2.05,8,"challenge",0,0,0,0,1,0,0,"falciformis_uninfected",FALSE,-8.59073333333333,189.494373803639,1993.57437850383,NA,NA,NA,22.3092030718622,20.7164371964395,21.039554711548,20.5319015216973,28.3865555408579,26.4445369462299,NA,16.6104140600886,26.2371634900456,8.01530809804006,26.5315616164978,6.87589377368062,15.6165816774993,18.8243598344585,24.6680166511455,17.4657605977493,26.7827255117918,13.34286368189,8.91946280428106,19.8409663312356,25.1971346637603,25.2094510940485,NA,NA,-4.84344247411285,-3.2506765986902,-3.57379411379875,-3.06614092394805,-10.9207949431086,-8.77140289229635,-8.97877634848065,NA,NA,-7.74369049629925,0.855346537660701,9.45045249970925,-9.0658010187485,10.5898668240687,1.84917892025,-1.35859923670925,-7.20225605339615,-9.31696491404245,4.12289691585935,8.54629779346824,-2.37520573348635,-7.73137406601095,"mLN",37.7,7.47,21.6,10.5,2.7,27.5,1.51,54.3,10.5,7.52,7.41,2.72,20.3,NA,NA,NA,NA,NA,NA,8,0,96.3813500347947,"challenge","other","E_falciformis","uninfected",-0.617769582053943,0.409525642027479
"LM0364","P4","UNI","E88","NMRI","P4bSMQ",38.35,46.82,81.9094404100812,0.77,8,"challenge",20,23,20,19,1,82,205000,"uninfected_falciformis",TRUE,4.01653333333333,493.723185018014,451.765267932286,NA,NA,NA,24.0262617439181,18.8645099006353,21.5207250231193,21.4489179388455,24.8542143533352,24.9156385553088,28.0399008488043,17.1052747174808,27.4633390587055,7.32426369260138,27.476117899098,6.62693049762747,13.2672055345987,25.2192539189705,NA,21.1471303550478,26.6961306674008,20.0830597800646,7.15828305651068,23.306178894936,28.1737203762817,26.8198639000822,NA,NA,-2.87913138887025,2.28262045441255,-0.373594668071402,-0.301787583797651,-3.70708399828735,-6.3162087036576,-3.76850820026095,-6.89277049375645,NA,-5.67273354503435,4.041855637567,13.8228666624465,-6.3289875440501,14.5201998574204,7.8799248204491,-4.07212356392265,NA,-5.54900031235295,1.0640705749833,13.9888472985372,-2.15904853988815,-7.02659002123385,"mLN",25.3,7.83,41.2,8.04,6.85,83.7,1.19,73.9,7.56,26.5,42.5,3.11,22,NA,NA,NA,NA,NA,NA,8,1420000,81.9094404100812,"challenge","other","uninfected","E_falciformis",4.01082330753401,-0.690504983072595
"LM0365","P4","UNI","E88","NMRI","P4bGXY",52.38,67.21,77.9348311263205,0.24,8,"challenge",0,0,0,0,1,0,0,"uninfected_falciformis",TRUE,1.439,875.6170169286,704.590664037918,NA,NA,NA,24.8338572415394,16.3442931905179,22.6665212451471,22.0979784221364,26.4091844024805,25.5620936833782,24.811695379575,18.8600133131003,18.9293901955357,7.79676996263756,NA,8.05204600565168,18.0662379368805,24.4845149370797,24.8250077475955,20.2845441648962,28.6274191894661,22.0046544878114,8.87188667451834,23.742503076978,28.3176938916993,25.1680307398743,NA,NA,-4.54931307664325,3.9402509743783,-2.3819770802509,-1.81343425724025,-6.1246402375843,1.3551539693605,-5.27754951848195,-4.52715121467885,NA,-4.8834865749781,1.42453085179595,12.4877742022586,NA,12.2324981592445,2.21830622801565,-4.1999707721835,-4.5404635826993,-8.3428750245699,-1.7201103229152,11.4126574903779,-3.45795891208185,-8.0331497268031,"mLN",28.3,16.7,45.1,5.68,7.26,70.2,1.45,47.7,5.79,25.9,62.7,2.7,14.5,NA,NA,NA,NA,NA,NA,8,1270000,77.9348311263205,"challenge","other","uninfected","E_falciformis",3.99357084437232,-1.71963436236589
"LM0367","P4","UNI","UNI","NMRI","P4bXOQ",45.6,48.55,93.9237899073121,2.31,8,"challenge",0,0,0,0,1,0,0,"uninfected",FALSE,-7.04906666666666,651.114694297031,635.818706315941,NA,NA,NA,25.3434373478054,23.7417908847452,22.6732274318064,25.0297168491101,NA,27.2239625730491,NA,20.0863817208902,26.1849051033755,9.25536795631093,NA,8.5798150626153,29.1131481313966,28.0789619411373,27.3383546515301,23.2380539517333,28.8965676006811,18.0319144153998,9.89558325254503,25.9867709754836,NA,26.9819437881662,NA,NA,-2.1053833960721,-0.503736933011901,0.564826519926996,-1.7916628973767,NA,-2.94685115164215,-3.9859086213157,NA,NA,-3.74388983643285,3.1516722308432,13.9826859954224,NA,14.658238889118,-5.87509417966325,-4.84090798940395,-4.1003006997967,-5.65851364894775,5.2061395363336,13.3424706991883,-2.7487170237502,NA,"mLN",45.4,16.1,6.48,3.43,3.26,12.6,1,9.2,11.5,7.37,8.52,1.11,20.1,NA,NA,NA,NA,NA,NA,8,0,93.9237899073121,"challenge","other","uninfected","uninfected",-2.30989997888314,-0.928180645112908
"LM0400","E11","E64","E64","SCHUNT_SCHUNT","E11bIJQ",18.36,18.05,101.717451523546,NA,8,"challenge",0,0,0,0,1,0,0,"ferrisi_ferrisi",TRUE,-4.81833506876557,NA,NA,NA,NA,NA,20.4853653659104,18.707807251325,20.6816990913676,14.9464330470036,22.8685242093538,24.2672321184066,26.4514637910226,17.5091051349317,26.8401851691317,8.83969438252675,19.8221671343872,7.48727701280144,8.12519266700378,8.84418946866269,23.922443169795,16.4034526267991,25.4984512339292,9.99962151294331,9.75669650129245,21.5585923837709,21.5607740476513,23.3410723798787,3.28869132036946,19.6951896678151,-4.08191273911135,-2.3043546245259,-4.27824646456855,1.45701957979545,-6.4650715825547,-10.4367325423326,-7.86377949160755,-10.0480111642235,-3.291737041016,-6.9376197530797,-1.1056525081326,7.5637582442723,-3.4187145075881,8.91617561399761,8.27825995979527,7.55926315813636,-7.5189905429959,-9.0949986071301,6.40383111385575,6.6467561255066,-5.1551397569718,-5.15732142085225,"mLN",55.9,6.21,26.4,17.5,5.01,44.1,1.47,29.7,14.4,14.4,29.1,2.87,23.5,NA,NA,NA,NA,NA,"b",8,0,95.2908587257618,"challenge","F0 M. m. domesticus","E_ferrisi","E_ferrisi",-0.149074331195991,1.04995810388349
"LM0401","E11","UNI","UNI","SCHUNT_SCHUNT","E11bAHY",18.28,18.68,97.8586723768737,NA,8,"challenge",0,0,0,0,1,0,0,"uninfected",FALSE,NA,NA,NA,NA,NA,NA,21.374311484312,24.86840628476,18.5470048894576,19.5020434973494,NA,23.3753851263196,23.7237939583306,17.6836109307643,NA,9.45799321051908,18.2834029271283,8.07140986076223,8.20693352769568,9.25244118097847,25.4625138572978,18.0809681849445,26.6439565587255,9.90663311448387,10.4533363437642,22.3711672518069,22.84887687342,22.9897241869547,3.76424248299032,20.6420590113489,-3.29334329936745,-6.78743809981555,-0.466036704513098,-1.42107531240485,NA,NA,-5.29441694137515,-5.6428257733861,-2.5610908264044,-4.9087560020102,0.39735725418025,8.62297497442542,-0.202434742183847,10.0095583241823,9.87403465724882,8.82852700396604,-7.38154567235325,-8.56298837378105,8.17433507046063,7.6276318411803,-4.2901990668624,-4.7679086884755,"mLN",61.4,4.1,21.4,15.5,1.46,33.8,0.99,17,16.4,4.37,11.6,0.34,16.2,NA,NA,NA,NA,NA,"b",8,0,97.5910064239829,"challenge","F0 M. m. domesticus","uninfected","uninfected",-3.06576395711324,0.787227574499914
"LM0402","E11","UNI","E64","SCHUNT_SCHUNT","E11bDLP",17.35,20.23,85.7637172516065,NA,8,"challenge",4,1,0,2,1,7,17500,"uninfected_ferrisi",TRUE,-5.8576836446198,NA,NA,NA,NA,NA,20.4244815469957,15.3537519995337,20.467461499536,14.2520573370702,21.7141884105075,24.7614048338402,24.4747781114609,17.0277120750498,18.9617586483646,9.30442270041148,23.4302310104171,7.99704311015986,9.08821837872957,9.26937248393842,22.0916940822492,14.4742757883983,28.0737910427164,9.66531190075068,9.60500730344883,20.0766056626328,20.127162770491,24.1184333664661,3.58358957407436,17.7450722586753,-5.9502057585974,-0.879476211135449,-5.9931857111377,0.2222184513281,-7.2399126221093,-4.48748285996635,-10.287129045442,-10.0005023230626,-3.27079647027705,-9.6441575780679,-2.55343628665155,5.16985308798677,-8.95595522201885,6.47723267823839,5.38605740966868,5.20490330445983,-7.61741829385095,-13.5995152543181,4.80896388764757,4.86926848494942,-5.60232987423455,-5.65288698209275,"mLN",47.2,5.66,30.2,18.5,6.8,63.4,1.52,47.9,15.6,11.2,38.9,2.84,18.2,NA,NA,NA,NA,NA,"b",8,307500,83.6875926841325,"challenge","F0 M. m. domesticus","uninfected","E_ferrisi",1.02174755862024,0.958302019308027
"LM0404","E11","E64","E64","PWD_PWD","E11bBSZ",17.81,18.15,98.1267217630854,NA,8,"challenge",0,0,0,0,1,0,0,"ferrisi_ferrisi",TRUE,-0.895232759794368,NA,NA,NA,NA,NA,20.7569580010385,18.7959153127258,19.2052221644513,16.9704302590249,20.3529860186079,22.757859209703,25.6951007141575,19.5125102218142,21.6000643552301,8.73925144460006,20.1555156002618,9.25643637802051,10.4446936845842,10.8143096193973,26.344560560384,16.2461966060222,23.4928124341046,9.66190815734141,9.22540642753155,21.5684460548796,22.0316828291949,23.9590684638416,3.53060924260067,19.5237406345216,-4.5107613950164,-2.5497187067036,-2.9590255584292,-0.724233653002749,-4.1067894125857,-5.35386774920795,-6.5116626036809,-9.44890410813539,-3.27754402849945,-7.71287185781945,-3.26631361579205,7.50694516142209,-3.90931899423965,6.98976022800164,5.8015029214379,5.43188698662485,-10.0983639543618,-7.24661582808245,6.58428844868074,7.0207901784906,-5.32224944885745,-5.7854862231728,"mLN",48.2,12.4,17.9,7.52,3.99,52.9,2.2,36.6,26.1,14,38.1,1.67,21.1,NA,NA,NA,NA,NA,"b",8,222500,88.2644628099173,"challenge","F0 M. m. musculus","E_ferrisi","E_ferrisi",0.316331110152373,-1.33298642799853
"LM0407","E11","UNI","E64","SCHUNT_SCHUNT","E11bAOS",24.89,25.05,99.3612774451098,NA,8,"challenge",0,0,0,0,1,0,0,"uninfected_ferrisi",TRUE,-9.65220398233476,NA,NA,NA,NA,NA,24.82728969375,18.8699316961625,20.5410938178994,17.0379588738368,23.8432338858094,21.5679115268304,25.2442327564817,20.0526042666317,26.9235461778173,10.4123473879726,19.1502872608421,9.34220259096032,9.99047203380285,11.0613386466996,NA,17.0207714159557,24.1803284714019,11.7245685329502,10.4277136478516,27.5281632952361,26.4063146054439,26.253627689928,4.39991534837022,22.6104811293863,-7.80651827779435,-1.84916028020685,-3.5203224019437,-0.0171874578811497,-6.82246246985375,-9.90277476186165,-4.5471401108747,-8.22346134052605,-5.58970971343065,-9.23285627397235,-3.03183285067605,6.60842402798305,-2.12951584488645,7.67856882499533,7.0302993821528,5.95943276925605,NA,-7.1595570554462,5.29620288300545,6.5930577681041,-10.5073918792805,-9.3855431894883,"mLN",50.1,7.08,22.2,14.2,4.95,59.5,1.07,23.7,13.8,11.2,43,2.24,35.6,NA,NA,NA,NA,NA,"b",8,82500,92.0159680638723,"challenge","F0 M. m. domesticus","uninfected","E_ferrisi",0.238948202630999,1.06732846784962
"LM0408","E11","E64","E88","PWD_PWD","E11bINQ",12.76,16.4,77.8048780487805,NA,8,"challenge",6,3,6,9,1,24,60000,"ferrisi_falciformis",TRUE,6.61128322944637,NA,NA,NA,NA,NA,20.6217668713655,13.7227657810832,20.326152364635,12.1005848035755,18.5522798752104,21.8361044208564,24.0426916309452,15.6082820796695,23.605291169731,8.6350247366941,19.6473595889221,7.29000747467416,8.05277449113343,8.98810206718073,26.3072263956549,14.6325680020718,23.9244794587871,7.98553689767872,9.28469716024607,19.199475512739,18.3302231894742,24.2616236007376,3.23606839928665,16.5288937630088,-5.98919886929365,0.909802220988599,-5.69358436256315,2.53198319849635,-3.91971187313865,-8.97272316765925,-7.20353641878455,-9.41012362887345,-1.896325760937,-9.6290555986658,-0.975714077597651,5.9975432653777,-5.01479158685025,7.34256052739763,6.57979351093837,5.64446593489107,-11.6746583935831,-9.2919114567153,6.64703110439307,5.34787084182573,-4.5669075106672,-3.69765518740235,"mLN",41.9,11.9,22.2,5.66,4.86,55.8,1.26,26.5,27.9,13.3,54.1,1.85,12.2,NA,NA,NA,NA,NA,"b",8,1447500,77.8048780487805,"challenge","F0 M. m. musculus","E_ferrisi","E_falciformis",0.257702263771065,-1.83070420290938
"LM0410","E11","E64","E64","PWD_PWD","E11bOTY",17.93,17.01,105.408583186361,NA,8,"challenge",2,0,1,3,1,6,15000,"ferrisi_ferrisi",TRUE,-8.52642175811008,NA,NA,NA,NA,NA,21.0442670437101,14.1490516792399,20.5874283402811,14.8158131647312,20.6421962767908,21.052822615835,22.0418787368533,15.7801135265384,22.6493400200605,9.72263075801179,18.8712631495047,8.93536786479912,10.212263487223,10.2560802220252,NA,12.8485289561287,28.0964580858124,5.84610268813236,10.0894561118346,18.0409852400877,19.429940944558,22.7729369815517,4.56614358944823,15.640122069516,-8.1957380875814,-1.3005227231112,-7.73889938415235,-1.96728420860245,-7.7936673206621,-9.8008110639318,-8.2042936597063,-9.19334978072455,-2.7915931133873,-9.9244080254229,-2.93158457040965,3.12589819811696,-6.02273419337595,3.91316109132963,2.6362654689058,2.5924487341036,NA,-15.2479291296837,7.00242626799639,2.75907284429417,-5.192456283959,-6.58141198842925,"mLN",46.8,10.9,24.1,5.86,4.2,66.3,1.52,48,28.4,13.9,41.8,2.6,23.5,NA,NA,NA,NA,NA,"b",8,17500,89.0064667842446,"challenge","F0 M. m. musculus","E_ferrisi","E_ferrisi",0.895158397149442,-1.45582554740905
"LM0411","E11","E64","E88","PWD_PWD","E11bBNU",13.74,16.5,83.2727272727273,NA,8,"challenge",17,15,19,11,1,62,155000,"ferrisi_falciformis",TRUE,3.58310722268937,NA,NA,NA,NA,NA,22.1143872423383,14.059007469805,21.3097684503733,11.6112278072651,17.5071271599409,20.5398059447125,23.4884383276173,15.629936487548,24.8139314939034,8.83213879274251,17.7263863552289,7.72289513916285,8.27857477372543,9.47105336570655,26.6707751809346,14.3179809504012,22.1743184260982,8.54433759613006,9.70874809998261,19.4000111669781,18.8548301025708,23.0918154260893,3.56591266690615,15.9638683572181,-7.7964062919371,0.258973480596151,-6.9917874999721,2.70675314313605,-3.1891462095397,-10.4959505435022,-6.22182499431135,-9.1704573772161,-1.64588740681685,-8.7738344756881,-1.31195553714675,5.48584215765869,-3.4084054048277,6.59508581123835,6.03940617667577,4.84692758469465,-12.3527942305334,-7.85633747569695,5.77364335427113,4.60923285041859,-5.08203021657685,-4.5368491521696,"mLN",41.6,12.9,23,6.09,3.8,56.5,2.16,35.9,25.2,10.7,44.3,2.05,15.1,NA,NA,NA,NA,NA,"b",8,155000,83.2727272727273,"challenge","F0 M. m. musculus","E_ferrisi","E_falciformis",0.511187529105619,-1.58787549396949
"LM0412","E11","UNI","E64","SCHUNT_SCHUNT","E11bEFU",21.91,28.05,78.1105169340463,NA,8,"challenge",0,1,1,4,1,6,15000,"uninfected_ferrisi",TRUE,5.36599735143947,NA,NA,NA,NA,NA,22.9302941457053,16.1402914666098,24.7834705693031,14.9765676264383,19.266296999532,23.5243943177189,27.5504239419987,14.9769629033162,20.2033715725075,10.7455705021274,18.1100362345933,9.53881946096944,10.0482933268338,10.6730920078094,NA,17.1974861767536,25.977937326554,11.3878072885595,11.2855483172319,22.1312294709625,21.2631320390999,24.4853217738845,5.06409414495563,19.7848740300191,-5.7328079689518,1.0571947101438,-7.58598439254955,2.22091855031525,-2.0688108227784,-3.005885395754,-6.3269081409653,-10.3529377652452,-2.58738785326555,-7.28783559713095,2.22052327343735,6.45191567462615,-0.912550057839752,7.65866671578411,7.1491928499198,6.5243941689442,NA,-8.78045114980045,5.80967888819405,5.9119378595217,-4.93374329420895,-4.06564586234635,"mLN",44.3,6.69,40.9,11,6.35,71.9,1.47,56.2,13.9,20.9,52.2,2.92,31.4,NA,NA,NA,NA,NA,"b",8,72500,78.1105169340463,"challenge","F0 M. m. domesticus","uninfected","E_ferrisi",2.79205063582068,0.108289204440463
"LM0413","E11","E64","UNI","SCHUNT_SCHUNT","E11bPWY",19.51,20.37,95.7781050564556,NA,8,"challenge",0,0,0,0,1,0,0,"ferrisi_uninfected",TRUE,-7.9430189889161,NA,NA,NA,NA,NA,25.5754966558289,21.9077180295914,22.7786687327439,20.3373058926669,NA,NA,NA,20.2129980273835,25.0519511093116,10.7818811929685,19.8459637199584,9.29919731850971,9.82137867142799,10.8031538825366,24.9968999334781,18.2614462490166,NA,10.4884269925845,11.4451050884419,22.6290168134815,25.7235672969262,26.973596807483,4.60533460608717,23.1012044247232,-7.31405040681235,-3.64627178057475,-4.51722248372735,-2.07585964365025,NA,-6.790504860295,NA,NA,-4.83975817570665,-8.7121505584664,-1.95155177836695,7.47956505604815,-1.5845174709418,8.96224893050689,8.44006757758861,7.45829236647995,-6.7354536844615,NA,7.7730192564321,6.81634116057465,-4.3675705644649,-7.46212104790965,"mLN",32.6,3.81,43.2,13.5,4.17,53.8,4.81,11.1,14.4,12.1,28.8,1.96,25.1,NA,NA,NA,NA,NA,"b",8,0,95.7781050564556,"challenge","F0 M. m. domesticus","E_ferrisi","uninfected",1.46320009592574,0.659804821550108
"LM0415","E11","UNI","E64","SCHUNT_SCHUNT","E11bDGH",20.91,23.12,90.4411764705882,NA,8,"challenge",0,0,1,0,1,1,2500,"uninfected_ferrisi",TRUE,-9.7265494860117,NA,NA,NA,NA,NA,NA,NA,NA,NA,NA,NA,NA,NA,NA,NA,NA,NA,NA,NA,NA,NA,NA,NA,NA,NA,NA,NA,NA,NA,NA,NA,NA,NA,NA,NA,NA,NA,NA,NA,NA,NA,NA,NA,NA,NA,NA,NA,NA,NA,NA,NA,"mLN",49.7,6.95,30,19.5,5.04,62.2,1.41,42,14.8,10.9,41.4,1.06,10.3,NA,NA,NA,NA,NA,"b",8,67500,82.8719723183391,"challenge","F0 M. m. domesticus","uninfected","E_ferrisi",0.245847532453904,0.507627289663601
"LM0417","E11","E64","E88","SCHUNT_SCHUNT","E11bAEM",18.72,24.85,75.3319919517103,NA,8,"challenge",1,2,1,0,1,4,10000,"ferrisi_falciformis",TRUE,4.8236460523187,NA,NA,NA,NA,NA,20.3982741332507,12.8790041071441,20.0582762429103,11.6749642240502,18.1733381531817,19.6757360082778,22.5961786933667,14.9115005510347,17.7328071079799,8.89048358859426,21.4981532291479,8.23731214259126,8.76258930953344,9.75252077340178,NA,12.4422826480852,22.2684658032614,10.5413070015232,9.67817747540282,16.5774693474325,17.4219366930994,23.1621685462072,3.6209652327808,14.9618334823948,-7.95599148516545,-0.4367214590588,-7.61599359482505,0.767318424035,-5.7310555050964,-5.2905244598946,-7.2334533601925,-10.1538960452814,-2.51955083430955,-10.719885898122,-2.4692179029495,3.55179905949099,-9.0558705810626,4.20497050549399,3.67969333855181,2.68976187468347,NA,-9.82618315517615,1.9009756465621,2.76410517268243,-4.13518669934725,-4.97965404501415,"mLN",43.4,5.48,24.9,13.1,5.66,62.7,1.32,36.1,14.5,18.6,40.2,1.89,16.7,NA,NA,NA,NA,NA,"b",8,132500,75.3319919517103,"challenge","F0 M. m. domesticus","E_ferrisi","E_falciformis",0.775881224702531,0.0764027086115028
"LM0420","E11","E88","E88","SCHUNT_SCHUNT","E11bABD",17.16,19,90.3157894736842,NA,8,"challenge",0,0,0,0,1,0,0,"falciformis_falciformis",TRUE,-0.231707159876766,NA,NA,NA,NA,NA,20.9883376049674,11.5530302918005,20.0614350314932,11.6591467493291,17.6248427611225,22.3384214210207,21.5404608196474,15.9122056632988,19.4819751132948,9.49618447702047,20.0541045489561,7.96941696232422,8.57263468903175,9.42917224836225,23.6707853356889,12.7984791934847,24.5035683136032,8.47785708206271,10.1664758536759,17.2613617405847,17.4613556278354,23.5739391432787,4.16885683251297,15.8401961251503,-8.18985841148275,1.24544890168425,-7.2629558380085,1.13933244415555,-4.8263635676378,-6.68349591981005,-9.53994222753595,-8.74198162616275,-3.0417169316656,-10.775459949794,-3.1137264698141,3.30229471646423,-7.2556253554714,4.82906223116047,4.22584450445295,3.36930694512245,-10.8723061422042,-11.7050891201185,4.32062211142199,2.63200333980875,-4.46288254710005,-4.6628764343507,"mLN",46.3,8.69,32.7,13.3,9.29,51.8,1.28,27.1,13.9,19.4,32.9,6.73,28.3,NA,NA,NA,NA,NA,"b",8,10000,90.3157894736842,"challenge","F0 M. m. domesticus","E_falciformis","E_falciformis",1.94968562010848,0.850582238821656
"LM0422","E11","E64","E88","PWD_PWD","E11bELU",10.87,14.8,73.4459459459459,NA,8,"challenge",3,5,3,2,1,13,32500,"ferrisi_falciformis",TRUE,6.81736431564327,NA,NA,NA,NA,NA,21.4668150893455,13.5457165214122,21.0800590788575,11.4474338206415,15.7152908211932,19.7415065082402,19.6765841778533,12.8390353779592,18.4939228529465,10.4813598424688,18.7325526668443,9.91662822124186,10.6910913602839,11.3076089231305,29.5494778887456,13.5897530990745,22.5197542684015,10.4844248994382,12.1083585091485,20.8513359492491,16.3452746402838,23.4793761860616,5.45523795555315,15.7360651149689,-7.8770619902709,0.0440365776623501,-7.49030597978295,2.1423192784331,-2.1255377221186,-4.904169753872,-6.1517534091657,-6.08683107877875,-2.14631201589435,-9.88962308698705,0.75071772111535,3.1083932566058,-5.14279956776975,3.67312487783269,2.89866173879065,2.28214417594405,-15.959724789671,-8.93000116932695,3.10532819963635,1.481394589926,-7.2615828501746,-2.7555215412092,"mLN",31.6,12.3,26.1,4.03,6.46,81.7,1.23,46.3,23.8,20.9,48.6,2.36,8.07,NA,NA,NA,NA,NA,"b",8,315000,73.4459459459459,"challenge","F0 M. m. musculus","E_ferrisi","E_falciformis",2.12109030778157,-2.39952851535891
"LM0424","E11","E64","UNI","PWD_PWD","E11bGQZ",16.61,17.09,97.1913399648917,NA,8,"challenge",0,0,0,0,1,0,0,"ferrisi_uninfected",FALSE,-9.8561884622146,NA,NA,NA,NA,NA,20.7846889753476,25.6923836936631,18.9565390328531,20.9213767764263,25.0519898177809,26.7729872926915,25.8293785750338,19.6919415018778,21.8273228355841,9.31426253502137,19.0251979128948,8.68655873106165,9.4649388516258,10.5064552915724,23.1718657691226,17.8306690181063,25.1877239682669,11.2205181833124,9.54820761663957,22.4353499821906,22.2596697332256,25.8511088274294,3.6451272867403,21.4199502548559,-2.95401995724135,-7.86171467555675,-1.12587001474675,-3.09070775832005,-7.2213207996746,-3.99665381747785,-8.9423182745852,-7.99870955692745,-3.5892812367496,-8.02043980932315,-1.86127248377155,8.51640648308493,-1.19452889478855,9.14411028704465,8.3657301664805,7.32421372653395,-5.3411967510163,-7.3570549501606,6.61015083479385,8.28246140146672,-4.6046809640843,-4.4290007151193,"mLN",49.2,9.76,15.3,6.32,2.26,29.6,1.39,26.3,23.3,14.1,15.5,1.54,18.2,NA,NA,NA,NA,NA,"b",8,0,94.0901111761264,"challenge","F0 M. m. musculus","E_ferrisi","uninfected",-1.51718630725493,-1.15781496201241
"LM0425","E11","UNI","UNI","PWD_PWD","E11bBFZ",17.67,17.72,99.7178329571106,NA,8,"challenge",0,0,0,0,1,0,0,"uninfected",FALSE,NA,NA,NA,NA,NA,NA,21.2300686946316,25.3477012805114,20.2485975103735,20.6891222844892,NA,23.9321093498866,22.6337713133251,20.952686822897,28.7639755579238,8.41899224011031,24.7675932578526,7.94209284251443,9.09506206367521,9.77255244392523,21.2162248147457,19.1345502577378,24.2853170700254,10.960530881199,8.96806539086555,23.1606795894922,23.4899915697697,23.4159120811471,3.06884798432835,21.1086219963588,-2.0955184368937,-6.21315102277355,-1.1140472526357,-1.5545720267513,NA,-9.62942530018595,-4.79755909214875,-3.49922105558725,-1.974071738621,-4.28136182340925,-1.8181365651592,10.7155580176275,-5.63304300011475,11.1924574152234,10.0394881940626,9.36199781381262,-2.08167455700785,-5.1507668122876,8.17401937653885,10.1664848668723,-4.0261293317544,-4.3554413120319,"mLN",53.4,10.4,14.3,4.68,1.58,43.2,1.52,37.1,24.5,13.4,16.2,1.32,16.9,NA,NA,NA,NA,NA,"b",8,0,97.1783295711061,"challenge","F0 M. m. musculus","uninfected","uninfected",-1.35373318637321,-1.53075767178452
"LM0426","E11","E88","UNI","SCHUNT_SCHUNT","E11bAYZ",24.69,24.05,102.661122661123,NA,8,"challenge",0,0,0,0,1,0,0,"falciformis_uninfected",FALSE,-0.640594900906464,NA,NA,NA,NA,NA,20.6789799884562,25.7438796464657,19.0149508692148,20.5536437821863,25.3930193285882,23.3212404448693,23.910894697633,18.2135770576434,26.9279733009571,8.41983854602181,21.4130046092194,6.74805623796697,7.52559852696038,8.79017124071508,22.9959069213687,18.3263245207606,24.2496437117886,10.0190372046225,8.53156777848014,21.3761372094812,20.8224889645348,22.8347921421722,2.9986107259823,20.6750882873448,-2.3526554676957,-7.41755512570515,-0.6886263484542,-2.2273192614258,-7.0666948078277,-8.60164878019655,-4.9949159241088,-5.58457017687245,-2.3487637665843,-4.5084676214117,0.112747463117152,9.90648597473874,-3.0866800884589,11.5782682827936,10.8007259938002,9.53615328004547,-4.6695824006082,-5.92331919102805,8.30728731613809,9.79475674228041,-3.04981268872065,-2.4961644437743,"mLN",60,5.26,16,9.45,3.04,26.1,0.78,15.1,17.5,8.38,7.74,1.7,14.5,NA,NA,NA,NA,NA,"b",8,0,98.9189189189189,"challenge","F0 M. m. domesticus","E_falciformis","uninfected",-2.93526445024743,0.128301729953102
"LM0428","E11","E88","E64","SCHUNT_SCHUNT","E11bJOR",18.87,19.87,94.9672873678913,NA,8,"challenge",0,0,0,0,1,0,0,"falciformis_ferrisi",TRUE,-8.79139222871207,NA,NA,NA,NA,NA,20.8405475989915,15.144891289917,22.1492887648725,15.4907306808705,21.1658888838175,24.4126681221267,23.0049972857213,17.0875424137346,22.0946982268848,9.3449179117675,21.300549782493,7.84713843036288,8.50711090557608,9.58074529277111,25.427879839505,14.0021232990905,NA,8.59007486236186,8.87121113292152,17.5776893202067,19.7339213552646,23.3030319214426,3.76059320521767,16.8142446738226,-6.83842429990105,-1.1427679908265,-8.14716546578195,-1.48860738178,-7.16376558472695,-8.0925749277943,-10.4105448230362,-9.0028739866308,-2.81212137473205,-9.30090862235215,-3.0854191146441,4.657205387323,-7.29842648340245,6.15498486872762,5.49501239351441,4.42137800631939,-11.4257565404145,NA,5.41204843672864,5.13091216616898,-3.57556602111615,-5.73179805617415,"mLN",47.6,5.92,24.3,13.4,5.75,46.1,1.12,31.9,19.1,11.5,27,3.97,32,NA,NA,NA,NA,NA,"b",8,70000,87.3678912934071,"challenge","F0 M. m. domesticus","E_falciformis","E_ferrisi",0.13888135721423,0.880468640380303
"LM0430","E11","UNI","UNI","SCHUNT_SCHUNT","E11bJLX",23.07,24.07,95.8454507685916,NA,8,"challenge",0,0,0,0,1,0,0,"uninfected",FALSE,NA,NA,NA,NA,NA,NA,20.1615554502898,20.9323208184471,18.847974767695,18.0519125877816,NA,24.8773517591496,27.6414800115372,15.6293455544142,25.0949422783398,9.67784608307035,16.5657271804861,7.91645111621269,8.17270222864278,9.52420674912674,26.1059940980567,18.5230704851312,28.4640613314277,10.0989749547935,10.3936352677791,23.0409717823474,22.1580756743007,23.8126914694254,3.63311721884904,20.3102304639694,-1.6384849651586,-2.40925033331585,-0.32490428256375,0.471157897349698,NA,-6.5718717932085,-6.35428127401835,-9.11840952640595,-1.78715997883815,-5.28962098429415,2.89372493071705,8.8452244020609,1.95734330464515,10.6066193689186,10.3503682564885,8.99886373600451,-7.58292361292545,-9.94099084629645,8.4240955303378,8.1294352173521,-4.5179012972162,-3.63500518916945,"mLN",50.6,5.74,18.5,7.52,2.02,20.7,1.31,15.3,11.7,7.11,7.55,0.75,24.4,NA,NA,NA,NA,NA,"b",8,0,94.557540506855,"challenge","F0 M. m. domesticus","uninfected","uninfected",-2.47420058968392,0.35845904945086
"LM0431","E11","E64","E64","SCHUNT_SCHUNT","E11bOSZ",18.5,19.3,95.8549222797927,NA,8,"challenge",0,0,0,0,1,0,0,"ferrisi_ferrisi",TRUE,-5.9558401852755,NA,NA,NA,NA,NA,21.0713427839294,17.7331830489297,21.0551869043243,16.3665975860141,22.0226418307698,23.2140096029707,24.4109381792813,18.405900676736,27.1180478588055,8.70190502955226,20.9454622021549,7.66572182461575,8.34044414700018,9.44484110348761,24.4232137130675,16.724063931994,27.3302071566237,10.3880935158499,8.47475816880009,19.9383133917938,21.2820500414696,25.622974387986,2.76597159240401,20.2587106824383,-4.3472788519355,-1.0091191169357,-4.33112297233035,0.357466345979901,-5.2985778987759,-10.3939839268115,-6.48994567097679,-7.68687424728735,-3.5346467504444,-8.89891045599209,-1.68183674474205,8.02215890244169,-4.221398270161,9.0583421073782,8.38361978499378,7.27922282850634,-7.69914978107355,-10.6061432246297,6.33597041614405,8.24930576319386,-3.21424945979984,-4.55798610947565,"mLN",53,5.56,21.9,12.8,4.38,41.9,1.41,25.8,15,7.47,33.4,2.13,22.1,NA,NA,NA,NA,NA,"b",8,15000,88.3937823834197,"challenge","F0 M. m. domesticus","E_ferrisi","E_ferrisi",-0.948089045084107,0.809486658593136
