"EH_ID","primary_infection","challenge_infection","Parasite_challenge","infection_history","mouse_strain","max_WL","delta","hybrid_status","IFNy","CXCR3_bio","IL.6","IL.10","IL.13","IL1RN","CASP1","CXCL9","IDO1","IRGM1","MPO","MUC2","MUC5AC","MYD88","NCR1","PRF1","RETNLB","SOCS1","TICAM1","TNF"
"LM0227","E88","E64","E_ferrisi","falciformis_ferrisi","BUSNA_STRA",95.8927074601844,-5.79,"F1 hybrid",19.69138,20.92666,21.09045,21.78837,NA,16.42338,22.0292,13.60226,13.685507,11.625516,23.16109,11.394231,12.368312,16.856985,23.33234,27.5329,11.389996,13.025961,19.82281,21.01065
"LM0228","E88","E64","E_ferrisi","falciformis_ferrisi","STRA_BUSNA",100,-5.91,"F1 hybrid",20.85947,21.62075,25.326,22.92255,NA,20.1351,24.25054,14.53048,12.347823,10.033986,26.67972,9.724516,14.599135,18.010443,22.89312,26.26383,7.85713,10.292493,17.66099,22.36282
"LM0229","E88","UNI","uninfected","falciformis_uninfected","SCHUNT_SCHUNT",96.4323189926548,-7.12,"F0 M. m. domesticus",NA,23.66537,24.18021,24.90025,NA,18.14916,22.55511,18.99093,15.90241,7.810604,NA,7.749293,12.87121,20.059938,23.96486,NA,9.184355,9.205008,19.11736,22.81213
"LM0231","E88","E64","E_ferrisi","falciformis_ferrisi","PWD_SCHUNT",98.7433542774287,-5.16,"F1 hybrid",21.19368,20.21312,23.90781,22.31029,NA,16.79377,27.50341,14.03929,12.783337,10.157602,27.67628,7.183272,14.041496,15.618948,23.45405,23.24062,3.920192,10.692568,15.46167,18.96024
"LM0232","E88","UNI","uninfected","falciformis_uninfected","BUSNA_STRA",100,-6.22,"F1 hybrid",NA,23.02829,23.19571,27.67319,NA,18.98532,25.45624,19.20542,18.254268,9.241544,NA,9.86959,14.37152,17.538455,24.12714,27.09015,8.711133,10.586118,17.03506,24.77639
"LM0233","E88","UNI","uninfected","falciformis_uninfected","STRA_STRA",99.9328182734296,-5.97,"F0 M. m. domesticus",23.25197,23.18574,22.59572,25.82543,NA,19.45825,23.14097,19.07817,18.48888,9.197374,24.94612,8.225922,11.583533,20.053889,25.43377,27.84301,15.803676,10.037031,18.92915,25.01909
"LM0234","E88","E64","E_ferrisi","falciformis_ferrisi","STRA_STRA",97.8937728937729,-7.89,"F0 M. m. domesticus",20.64367,20.19632,23.9145,21.62915,NA,18.55582,23.11127,14.67773,14.430931,8.600942,24.90775,8.73069,11.900492,18.177256,23.25482,23.54348,11.930951,10.137282,17.89026,20.40686
"LM0235","E88","E64","E_ferrisi","falciformis_ferrisi","STRA_SCHUNT",97.7017364657814,-5.84,"F1 M. m. domesticus",22.30059,23.73105,21.14346,23.61026,NA,17.67666,25.06357,14.21946,15.666291,8.297135,25.61896,7.522414,13.148207,19.03818,23.69673,28.00436,10.795116,10.187464,17.98634,21.9151
"LM0236","E88","E64","E_ferrisi","falciformis_ferrisi","STRA_STRA",88.952380952381,-6.02,"F0 M. m. domesticus",NA,23.18462,22.02135,NA,NA,19.31653,22.45011,16.20309,14.952342,8.99736,29.21133,8.156661,8.684992,20.392755,23.81112,NA,11.763447,9.833251,20.04689,25.99834
"LM0238","E88","E64","E_ferrisi","falciformis_ferrisi","PWD_BUSNA",93.9223936418887,-4.42,"F1 M. m. musculus",20.71101,19.21698,19.62519,22.94861,NA,17.29027,23.55407,12.88829,11.663551,9.05216,27.46451,8.642571,10.342714,14.618691,21.39968,20.45141,4.079604,11.24217,15.1265,18.21831
"LM0239","E88","UNI","uninfected","falciformis_uninfected","SCHUNT_SCHUNT",95.1571354971664,-6.76,"F0 M. m. domesticus",NA,22.52077,NA,23.85751,NA,20.58918,23.81598,20.30617,16.930006,8.162201,25.54124,8.859693,15.4605,19.281729,23.6606,NA,12.512554,8.390115,17.00279,24.39284
"LM0240","E88","E64","E_ferrisi","falciformis_ferrisi","SCHUNT_PWD",100,-6.65,"F1 hybrid",19.03305,19.12177,25.26331,20.62422,NA,17.38254,22.70095,13.01806,10.705361,7.565302,24.91439,6.904949,15.35987,14.612337,20.06957,21.01384,3.598778,8.892853,14.34632,18.18376
"LM0247","E88","UNI","uninfected","falciformis_uninfected","STRA_SCHUNT",95.5768521931441,-4.68,"F1 M. m. domesticus",NA,22.45032,22.69335,NA,NA,17.74972,22.49518,17.39209,15.675249,9.841508,25.19862,7.871219,8.678551,16.285136,24.3767,25.10224,11.645965,10.674034,15.6494,20.93638
"LM0249","E88","E64","E_ferrisi","falciformis_ferrisi","SCHUNT_STRA",91.0727969348659,-5.96,"F1 M. m. domesticus",20.31647,22.51152,20.95665,23.01596,NA,16.69397,22.84267,15.54217,13.07909,10.548003,23.12428,9.808142,10.449504,16.981842,23.76296,27.17679,12.534258,11.718299,17.56715,20.51972
"LM0251","E88","UNI","uninfected","falciformis_uninfected","STRA_BUSNA",94.300518134715,-4.73,"F1 hybrid",NA,21.26747,21.85538,NA,NA,19.67336,22.04784,19.29231,18.558979,9.218357,28.14862,8.669347,10.19848,16.960683,23.89841,24.64252,11.212956,10.034478,16.84957,22.49043
"LM0254","E88","UNI","uninfected","falciformis_uninfected","SCHUNT_PWD",94.2652329749104,-8.48,"F1 hybrid",24.08206,18.00746,18.38914,18.74826,NA,15.10803,23.38067,17.12064,15.731242,9.193427,23.38627,8.394537,10.196126,14.609839,18.00615,22.71284,6.937463,10.044808,15.08446,17.05868
"LM0255","E88","E64","E_ferrisi","falciformis_ferrisi","BUSNA_BUSNA",93.0449069003286,-2.73,"F0 M. m. musculus",18.96116,19.10121,20.98553,22.42743,NA,16.4427,23.42149,13.68531,12.914861,9.322633,21.87048,8.714876,12.295662,15.888646,21.33841,26.209,5.973854,10.589004,17.65482,19.35511
"LM0256","E88","UNI","uninfected","falciformis_uninfected","STRA_STRA",100,-8.9,"F0 M. m. domesticus",NA,22.41295,20.25383,23.03015,NA,17.63167,22.85872,18.63569,19.069602,9.447187,27.9215,8.040773,9.12195,17.378285,29.4934,25.66098,14.362461,10.790189,18.71333,23.10196
"LM0257","E88","E64","E_ferrisi","falciformis_ferrisi","SCHUNT_SCHUNT",89.8461538461539,-6.93,"F0 M. m. domesticus",29.97387,21.44775,18.4502,27.89777,NA,17.32784,23.05298,12.95849,14.508282,9.59851,27.07087,7.807939,10.415893,15.854892,23.12706,NA,5.662282,10.323638,15.91257,19.63243
"LM0258","E64","E64","E_ferrisi","ferrisi_ferrisi","BUSNA_PWD",91.8946301925025,-5.75,"F1 M. m. musculus",20.09308,21.0713,20.03526,21.08242,NA,17.43922,22.51961,14.61636,13.13892,8.335187,24.66545,7.790361,9.038129,16.616529,22.28476,23.09671,6.708141,9.097796,16.83769,19.32845
"LM0260","E64","E64","E_ferrisi","ferrisi_ferrisi","SCHUNT_SCHUNT",89.5933838731909,-11.9,"F0 M. m. domesticus",21.79559,20.92691,21.09167,24.07971,NA,17.14403,22.76425,16.18053,13.64665,9.565223,25.42206,8.771323,9.468288,15.065539,24.36829,25.16968,8.373846,10.727382,15.39051,19.76802
"LM0261","E64","UNI","uninfected","ferrisi_uninfected","PWD_SCHUNT",93.0313588850174,-5.9,"F1 hybrid",21.76826,19.36417,15.07182,20.66591,NA,16.54046,24.16598,15.03703,16.004009,8.438642,27.97673,8.473955,10.951688,12.671592,18.33988,22.09717,3.437346,10.438836,13.27494,18.82194
"LM0262","E64","E64","E_ferrisi","ferrisi_ferrisi","BUSNA_BUSNA",98.9588263132986,-10.06,"F0 M. m. musculus",20.22957,18.14328,17.39709,21.3108,NA,12.63218,23.57993,14.00879,11.186614,9.43979,NA,8.613752,20.293679,13.916375,18.49862,22.5984,4.203089,9.684278,13.27406,22.08087
"LM0263","E64","E64","E_ferrisi","ferrisi_ferrisi","PWD_SCHUNT",95.6705882352941,-8.38,"F1 hybrid",22.31389,20.03795,28.89199,21.07542,NA,18.66006,NA,14.61884,12.098614,8.954314,24.31267,17.990707,24.23781,15.120134,20.80061,24.7875,4.605416,10.017204,15.04402,23.69131
"LM0264","E64","UNI","uninfected","ferrisi_uninfected","PWD_PWD",98.7136465324385,-10.02,"F0 M. m. musculus",23.9934,23.44335,23.78059,24.2383,NA,16.75777,23.76993,21.33524,18.017771,11.480787,19.99031,10.255215,10.923709,17.310957,25.2821,25.69449,9.644582,12.04193,19.34746,26.10923
"LM0265","E64","E64","E_ferrisi","ferrisi_ferrisi","BUSNA_STRA",89.7843359818388,-11.42,"F1 hybrid",19.88967,20.31368,19.93494,21.62254,NA,17.64324,22.86814,16.94201,12.246575,8.748695,26.20443,7.940369,12.292991,15.518893,20.79229,26.11614,6.0631,9.980612,14.75829,18.44981
"LM0266","E64","UNI","uninfected","ferrisi_uninfected","SCHUNT_STRA",81.8295739348371,-8.25,"F1 M. m. domesticus",NA,24.81556,21.68421,25.1277,NA,18.2061,22.86023,18.99404,18.253549,10.577026,NA,8.76109,9.023115,19.547397,23.63638,NA,12.795983,9.838008,22.32244,29.87482
"LM0268","E64","UNI","uninfected","ferrisi_uninfected","SCHUNT_SCHUNT",90.4510556621881,-8.15,"F0 M. m. domesticus",22.35195,20.53629,25.89126,23.68561,NA,16.66748,28.45142,16.56531,16.273956,13.691213,NA,12.038068,20.929919,15.678849,22.63025,28.71924,13.919183,15.560557,16.95622,20.43844
"LM0269","E64","E64","E_ferrisi","ferrisi_ferrisi","STRA_SCHUNT",91.25,-7.91,"F1 M. m. domesticus",21.25679,20.53802,20.02823,20.76649,NA,17.42489,22.69451,15.852,12.968113,8.203141,NA,8.233775,17.425917,17.354687,21.23689,29.16415,9.982388,9.48289,14.86344,21.08135
"LM0270","E64","E64","E_ferrisi","ferrisi_ferrisi","SCHUNT_STRA",94.1816659690247,-9.75,"F1 M. m. domesticus",19.70805,18.97607,19.0715,21.15728,NA,13.40232,24.16373,13.93241,11.229936,9.725386,24.64733,6.814177,11.003653,13.408224,20.03371,21.10798,5.917482,11.194286,13.04953,16.84558
"LM0271","E64","UNI","uninfected","ferrisi_uninfected","STRA_BUSNA",93.4432989690722,-9.2,"F1 hybrid",25.08631,23.27692,19.71861,23.52992,NA,19.58139,21.79801,18.71677,17.62949,10.881357,25.72409,10.267396,11.219287,15.989496,20.77055,28.50238,10.5118,11.429176,16.45653,24.00758
"LM0272","E64","UNI","uninfected","ferrisi_uninfected","BUSNA_STRA",98.8142292490119,-10.55,"F1 hybrid",NA,21.66393,20.33407,20.44784,NA,17.7225,23.41526,19.96504,19.114217,11.739965,21.94526,12.198908,12.960735,16.747558,20.53246,29.53929,10.842803,12.155859,17.76277,21.5084
"LM0273","E64","UNI","uninfected","ferrisi_uninfected","STRA_SCHUNT",95.2534562211982,-10.42,"F1 M. m. domesticus",NA,23.07634,22.39279,NA,NA,19.91583,23.28426,18.19233,16.73489,8.94238,24.3899,8.418066,9.847442,16.538393,25.24495,25.38933,11.82444,9.660671,15.41369,20.83225
"LM0275","E64","UNI","uninfected","ferrisi_uninfected","SCHUNT_PWD",100,4.14,"F1 hybrid",NA,22.53733,18.60527,22.20044,NA,17.97018,25.19149,18.54367,17.279974,9.036738,22.05586,7.435172,13.026381,16.057834,21.49756,25.56295,7.036342,8.830993,15.62009,20.40643
"LM0276","E64","UNI","uninfected","ferrisi_uninfected","STRA_STRA",100,-10.61,"F0 M. m. domesticus",22.13662,22.10287,20.06929,NA,NA,19.46909,21.63034,17.56039,18.416046,8.848435,25.72081,8.204233,9.882749,18.079438,22.91124,NA,12.13254,9.535813,16.56348,22.45497
"LM0277","E64","UNI","uninfected","ferrisi_uninfected","BUSNA_STRA",89.4472361809045,-10.39,"F1 hybrid",NA,24.60278,18.46774,26.19512,NA,19.76563,23.74273,18.40169,19.753084,9.752966,28.6691,9.57718,10.404196,17.139011,21.85548,NA,9.879838,11.097173,16.94929,24.08582
"LM0278","E64","UNI","uninfected","ferrisi_uninfected","SCHUNT_PWD",100,-10.99,"F1 hybrid",22.91005,18.58505,19.05836,17.8694,NA,14.97143,20.93711,16.51682,16.471883,11.495214,20.75777,10.413618,11.989536,14.774482,19.67674,21.14482,8.466972,12.429422,15.73371,16.46384
"LM0279","E64","E64","E_ferrisi","ferrisi_ferrisi","BUSNA_BUSNA",95.5971896955503,-9.18,"F0 M. m. musculus",16.57294,16.86408,13.21835,17.79117,NA,14.25306,24.43256,13.82651,8.661838,7.154126,23.86028,7.951477,15.116064,10.230339,17.36359,18.08027,3.785109,10.974022,12.413,13.78664
"LM0280","E64","E64","E_ferrisi","ferrisi_ferrisi","SCHUNT_SCHUNT",100,-7.12,"F0 M. m. domesticus",22.82618,22.15447,25.41724,22.04275,NA,17.18358,29.98603,13.24525,13.915862,8.98701,27.49619,9.597302,21.741745,16.27049,23.07639,24.78306,5.259263,10.307205,14.3705,19.70445
"LM0282","E64","UNI","uninfected","ferrisi_uninfected","STRA_STRA",100,-12.69,"F0 M. m. domesticus",NA,21.16552,18.10097,22.65766,NA,17.71976,24.28977,17.31654,17.871126,10.481867,23.27109,9.326657,9.908069,15.881726,19.59789,NA,11.495341,11.487913,16.29785,20.60002
"LM0283","E64","UNI","uninfected","ferrisi_uninfected","PWD_PWD",96.3350785340314,-10.57,"F0 M. m. musculus",22.58397,24.69742,19.0598,23.16757,NA,18.98606,22.78772,18.82635,17.11075,10.481346,24.321,8.573053,9.253118,16.642453,22.90715,NA,7.758496,11.493739,17.45863,22.01304
"LM0284","E64","E64","E_ferrisi","ferrisi_ferrisi","STRA_BUSNA",97.7221974095578,-6.19,"F1 hybrid",NA,21.32868,21.65526,NA,NA,17.83004,22.53197,17.26648,15.929076,8.95885,NA,7.63272,8.440455,19.80791,24.18657,29.51591,9.22577,9.632405,17.44476,21.63822
"LM0285","E64","E64","E_ferrisi","ferrisi_ferrisi","PWD_PWD",97.2722593926917,-3.11,"F0 M. m. musculus",17.72261,18.706,17.79219,18.49236,NA,14.68719,24.20202,12.21244,9.754557,9.836893,23.37686,9.851718,11.585622,14.407068,19.93898,20.38618,4.346449,11.657992,15.33566,15.86004
"LM0286","E64","UNI","uninfected","ferrisi_uninfected","PWD_BUSNA",98.3219716832722,-9.21,"F1 M. m. musculus",23.9738,22.12217,21.87536,23.32834,NA,18.26465,23.79661,20.24753,19.708596,9.977461,24.92838,8.415812,8.07647,17.337172,21.63473,28.11725,9.187486,10.970666,19.30253,21.3902
"LM0287","E64","E64","E_ferrisi","ferrisi_ferrisi","BUSNA_PWD",100,-6.34,"F1 M. m. musculus",18.37035,19.16785,17.97426,19.89393,NA,15.60916,23.5915,13.56512,9.842353,9.029007,24.40325,9.316026,9.889951,13.850419,18.81508,21.15985,4.867295,11.106637,15.25927,16.1625
"LM0288","E64","UNI","uninfected","ferrisi_uninfected","PWD_BUSNA",96.2006079027356,-8.79,"F1 M. m. musculus",20.77524,18.19756,14.40759,20.83681,NA,17.24873,25.16027,16.3829,15.927925,8.049613,NA,7.56325,12.350998,11.12801,17.17266,21.54708,3.690941,10.228503,13.47368,18.09514
"LM0289","E64","UNI","uninfected","ferrisi_uninfected","SCHUNT_SCHUNT",90.1379022147932,-9.18,"F0 M. m. domesticus",23.23372,21.6454,17.73381,20.98086,NA,17.40872,20.43007,16.5579,15.251946,9.385581,27.61566,8.563067,9.972695,15.725963,21.3935,23.41759,8.189116,10.139407,15.24493,17.6527
"LM0293","E64","UNI","uninfected","ferrisi_uninfected","BUSNA_BUSNA",95.274831243973,-5.02,"F0 M. m. musculus",23.20072,20.18662,16.57967,19.05747,NA,16.32045,22.8245,17.97308,18.265865,9.486106,23.34994,7.878306,10.787435,12.493822,17.79122,25.89262,4.204721,10.569843,12.91764,17.50383
"LM0294","E64","E64","E_ferrisi","ferrisi_ferrisi","PWD_PWD",97.8260869565217,11.61,"F0 M. m. musculus",17.51103,18.2139,29.81903,18.33959,NA,13.28305,25.93133,11.98283,10.025161,8.136754,27.16886,10.834516,29.918079,13.929742,18.1199,19.92611,3.577107,10.324091,14.542,16.01331
"LM0332","Eflab","E88","E_falciformis","falciformis_falciformis","NMRI",96.2962962962963,-5.12,"other",20.05072,20.61515,23.03621,29.98877,NA,12.75221,20.43024,18.32872,16.717158,10.030781,16.37685,8.541946,8.852514,20.404963,25.36659,26.01465,10.74917,11.02476,21.19794,21.01304
"LM0333","Eflab","E64","E_ferrisi","falciformis_ferrisi","NMRI",91,-4.27,"other",22.18927,21.00294,23.67766,24.20689,NA,15.08824,20.90917,21.96734,18.171699,9.531294,15.92918,7.957801,8.211709,24.785884,26.75319,27.09819,9.755923,10.47827,22.50241,21.56508
"LM0334","Eflab","UNI","uninfected","falciformis_uninfected","NMRI",95.3488372093023,-4.94,"other",19.17606,20.65725,21.54047,23.25961,NA,11.65156,22.92319,16.90758,12.292333,11.168791,17.07884,8.345124,10.313463,15.319679,24.26265,27.12899,10.841208,12.98907,16.99448,20.03119
"LM0335","E88","UNI","uninfected","falciformis_uninfected","NMRI",97.0212765957447,-5.57,"other",24.47713,21.31698,26.71171,25.52867,NA,13.83283,21.43852,22.16466,18.373123,9.56363,16.38449,8.132526,8.57292,23.240718,27.48604,27.18535,9.478791,10.607035,21.82549,21.98348
"LM0336","E88","E64","E_ferrisi","falciformis_ferrisi","NMRI",83.7476099426386,-4.02,"other",18.02613,20.20715,24.37765,22.34004,NA,11.97324,21.03117,16.66383,11.993194,11.57639,17.15236,10.280913,10.532018,18.139879,26.70705,25.41207,12.030827,13.123553,21.09282,21.07389
"LM0340","E64","UNI","uninfected","ferrisi_uninfected","NMRI",92.7238805970149,-10.49,"other",20.88908,18.40655,21.0728,21.44767,NA,11.82725,21.70017,15.42738,12.523361,9.928879,16.55492,8.291121,9.120236,13.839477,20.19892,21.79024,9.145387,10.833533,15.29784,19.0125
"LM0342","E139","E64","E_ferrisi","ferrisi_ferrisi","NMRI",83.6330935251799,-6.11,"other",20.9364,20.89049,23.48067,22.36207,NA,11.85427,21.44578,16.72246,13.721075,10.479662,16.32184,8.641474,8.817069,19.929199,25.5346,26.41866,9.278296,11.303618,21.34152,21.31616
"LM0343","E139","UNI","uninfected","ferrisi_uninfected","NMRI",93.6283185840708,-8.44,"other",23.41244,21.14188,NA,23.6072,NA,13.10425,25.34167,18.64811,15.843818,10.788702,17.07038,9.42826,9.364003,18.078884,26.75811,25.29939,9.923647,11.828319,19.0667,21.78523
"LM0344","UNI","E88","E_falciformis","uninfected_falciformis","NMRI",96.0905349794239,-8.06,"other",24.76847,21.95768,22.34438,26.11948,NA,15.37061,21.28205,22.49707,18.930756,8.050492,16.71614,7.611355,7.888725,20.99539,23.38357,NA,8.262385,8.890513,20.80948,23.70044
"LM0345","UNI","E64","E_ferrisi","uninfected_ferrisi","NMRI",89.1891891891892,-4.38,"other",19.99699,18.21933,25.24031,20.51353,NA,12.28923,22.26009,15.25164,11.803676,10.108555,16.5717,9.364101,9.848285,15.544608,22.9346,25.11673,9.047844,11.867247,16.30778,18.36694
"LM0346","UNI","UNI","uninfected","uninfected","NMRI",92.8571428571428,-8.74,"other",22.60203,24.65157,23.53264,23.43752,NA,11.43627,25.73564,20.65578,12.237259,11.398526,16.60661,9.628627,9.639826,19.190942,23.87387,28.88317,9.635853,12.837053,19.15818,22.8958
"LM0347","E88","E88","E_falciformis","falciformis_falciformis","NMRI",87.4095513748191,-8.73,"other",25.84433,23.52242,27.13311,NA,NA,11.27634,21.9273,18.51135,13.708155,10.256888,16.3916,9.063478,9.058345,20.478204,26.2659,23.85662,9.703631,11.627023,21.52452,22.65241
"LM0352","E64","E88","E_falciformis","ferrisi_falciformis","NMRI",92.4264007597341,3.95306666666666,"other",25.35428,22.91576,25.39795,28.87344,NA,16.7565,22.16068,23.45426,21.459525,7.149357,25.63594,6.211322,10.154484,24.906656,27.00035,NA,18.572389,8.318661,29.57724,23.13135
"LM0353","E64","E88","E_falciformis","ferrisi_falciformis","NMRI",92.3392612859097,3.20803333333334,"other",25.11981,25.66519,NA,NA,NA,19.70521,26.08998,19.96006,20.724537,9.016223,NA,9.246984,14.123916,24.948713,NA,NA,17.913556,10.084373,25.58661,NA
"LM0354","E64","E64","E_ferrisi","ferrisi_ferrisi","NMRI",95.2220888355342,-7.57086666666667,"other",NA,24.22064,NA,28.05381,NA,19.23186,27.75083,23.07473,27.169505,8.986193,27.97227,8.883982,23.694956,27.782637,25.83862,27.59474,20.897073,9.482244,24.73153,27.59754
"LM0355","E64","UNI","uninfected","ferrisi_uninfected","NMRI",100,-5.20748333333334,"other",NA,22.86653,23.56129,25.0175,NA,18.03112,21.69953,24.188,22.517576,8.74704,26.39468,7.865111,9.540464,19.913584,29.07498,NA,16.332964,9.665532,21.42768,23.91542
"LM0356","E88","E88","E_falciformis","falciformis_falciformis","NMRI",94.9924887330996,-7.3878,"other",29.09622,22.76071,NA,27.95595,NA,15.84708,23.58463,23.33492,22.130637,9.505613,20.34651,9.117813,10.210623,25.644537,26.89351,NA,9.493187,11.330597,26.12898,26.67485
"LM0357","E88","E88","E_falciformis","falciformis_falciformis","NMRI",84.4246959775491,-4.1202,"other",NA,23.52785,29.95433,28.18004,NA,23.13962,NA,22.51919,24.36243,7.028294,NA,9.24962,25.681823,23.705403,NA,NA,14.714598,8.041715,24.1052,28.93255
"LM0358","E88","E64","E_ferrisi","falciformis_ferrisi","NMRI",87.6811594202899,-5.42953333333333,"other",NA,22.75096,NA,25.69999,NA,17.58811,23.01611,24.12845,22.36482,7.679259,28.01318,7.529806,12.495365,24.056632,25.8856,25.43324,20.720319,7.087203,26.26861,27.69078
"LM0359","E88","UNI","uninfected","falciformis_uninfected","NMRI",97.3171889838557,-8.60266666666667,"other",NA,21.48844,22.6056,29.13131,NA,18.63039,20.75492,22.14808,21.229097,8.823074,NA,7.071763,8.979468,18.841489,26.76586,NA,10.975465,9.162248,19.60484,29.13404
"LM0361","Eflab","E88","E_falciformis","falciformis_falciformis","NMRI",82.0227325446532,-4.80946666666667,"other",NA,25.80037,29.77186,29.09962,NA,20.02498,26.9151,23.73669,26.746953,10.566932,NA,10.301982,15.246147,24.071985,NA,NA,22.021335,13.581984,NA,28.37664
"LM0363","Eflab","UNI","uninfected","falciformis_uninfected","NMRI",96.3813500347947,-8.59073333333333,"other",28.38656,21.03955,26.23716,26.44454,NA,16.61041,22.3092,20.71644,20.531902,8.015308,26.53156,6.875894,15.616582,18.82436,24.66802,26.78273,13.342864,8.919463,19.84097,25.19713
"LM0364","UNI","E88","E_falciformis","uninfected_falciformis","NMRI",81.9094404100812,4.01653333333333,"other",24.85421,21.52073,27.46334,24.91564,NA,17.10527,24.02626,18.86451,21.448918,7.324264,27.47612,6.62693,13.267206,25.219254,NA,26.69613,20.08306,7.158283,23.30618,28.17372
"LM0365","UNI","E88","E_falciformis","uninfected_falciformis","NMRI",77.9348311263205,1.439,"other",26.40918,22.66652,18.92939,25.56209,NA,18.86001,24.83386,16.34429,22.097978,7.79677,NA,8.052046,18.066238,24.484515,24.82501,28.62742,22.004654,8.871887,23.7425,28.31769
"LM0366","UNI","E64","E_ferrisi","uninfected_ferrisi","NMRI",84.2160351685158,2.18866753084627,"other",21.39121,21.81679,20.56615,26.30993,NA,12.25711,21.65407,13.14677,13.300336,10.259382,16.46249,8.504597,8.874519,20.875416,24.39808,26.19344,9.526062,11.755902,21.52548,20.79691
"LM0367","UNI","UNI","uninfected","uninfected","NMRI",93.9237899073121,-7.04906666666666,"other",NA,22.67323,26.18491,27.22396,NA,20.08638,25.34344,23.74179,25.029717,9.255368,NA,8.579815,29.113148,28.078962,27.33835,28.89657,18.031914,9.895583,25.98677,NA
"LM0368","E64","E64","E_ferrisi","ferrisi_ferrisi","SCHUNT_SCHUNT",92.7007299270073,-6.17790447050866,"F0 M. m. domesticus",NA,23.4689,22.68031,23.16663,NA,18.06204,22.36512,19.8827,20.563533,10.008556,NA,8.371019,9.336553,24.674035,25.71248,29.79103,15.178442,10.393341,22.46358,27.50077
"LM0369","E64","E64","E_ferrisi","ferrisi_ferrisi","SCHUNT_SCHUNT",91.3393756294059,-8.27110033625446,"F0 M. m. domesticus",28.41633,19.91255,22.64689,NA,NA,11.27495,21.54675,18.09229,12.71346,10.729052,16.12279,9.020236,9.326122,17.670409,22.21427,25.55363,9.661429,12.013956,18.22035,19.84642
"LM0370","E64","E64","E_ferrisi","ferrisi_ferrisi","PWD_PWD",90.0054914881933,-6.2704639635426,"F0 M. m. musculus",19.56943,20.08603,21.3104,22.15091,NA,10.39335,20.70334,18.47461,11.083212,9.706705,15.60862,8.22585,8.669181,17.396433,22.32535,24.21456,8.805372,11.222371,20.81727,19.51511
"LM0372","E64","E88","E_falciformis","ferrisi_falciformis","SCHUNT_SCHUNT",86.1302062272543,2.5584555138487,"F0 M. m. domesticus",23.44436,24.06576,28.75247,23.5449,NA,21.42,27.75544,18.54329,18.841289,7.212158,28.72646,11.580169,26.744894,20.536848,28.817,NA,16.855267,8.065261,20.60755,23.72752
"LM0373","E64","E88","E_falciformis","ferrisi_falciformis","SCHUNT_SCHUNT",79.9044819985305,3.0796962759907,"F0 M. m. domesticus",19.12952,21.27995,18.29274,24.38039,NA,12.06338,20.29093,14.49042,12.360175,10.292874,16.4385,8.630854,8.63057,17.291781,24.59491,26.21215,9.4412,11.032251,20.47256,20.23849
"LM0375","E64","E88","E_falciformis","ferrisi_falciformis","PWD_PWD",80.279010779962,3.54408471160803,"F0 M. m. musculus",17.6146,20.22281,24.09667,19.95704,NA,12.45559,21.84692,14.45594,11.304476,9.925298,17.66268,9.721816,10.491249,15.8547,22.79706,23.15837,9.722345,12.451737,20.65242,17.1211
"LM0376","E64","UNI","uninfected","ferrisi_uninfected","SCHUNT_SCHUNT",100,-9.51283442135467,"F0 M. m. domesticus",21.87366,24.54876,NA,25.98836,NA,14.72332,24.56166,22.72566,15.063209,14.224817,20.66631,12.365167,12.636119,18.984608,NA,26.79236,13.220426,14.919748,20.57782,22.5092
"LM0377","E64","UNI","uninfected","ferrisi_uninfected","SCHUNT_SCHUNT",96.0021609940572,-9.08241588357113,"F0 M. m. domesticus",22.62076,19.66524,28.21305,25.28405,NA,12.24016,21.28489,23.29208,13.730573,11.186153,16.54841,9.411632,9.773155,28.008621,26.55833,27.50508,10.058471,12.308402,22.04861,23.31357
"LM0379","E64","UNI","uninfected","ferrisi_uninfected","PWD_PWD",95.7203134418324,-12.3017417117248,"F0 M. m. musculus",22.57627,21.37939,22.23118,24.5939,NA,17.24273,21.67512,19.01887,18.92546,10.323671,17.42215,8.655927,9.526401,18.953311,27.12947,24.06304,10.004453,11.728596,24.10621,21.72844
"LM0380","E88","E88","E_falciformis","falciformis_falciformis","SCHUNT_SCHUNT",91.5637860082305,-2.2251093180377,"F0 M. m. domesticus",19.74535,20.76001,22.04766,22.25595,NA,15.60735,20.92126,14.94362,12.72995,9.898791,17.7805,8.541098,8.728032,16.724469,24.81094,23.62678,9.365788,11.073955,17.51909,19.97281
"LM0385","E88","E64","E_ferrisi","falciformis_ferrisi","SCHUNT_SCHUNT",92.5133689839572,-5.40403223114677,"F0 M. m. domesticus",22.33094,18.55728,25.20569,24.22079,NA,15.59951,19.9979,18.02023,16.255302,10.261519,17.17013,8.567059,8.840712,17.92355,22.33892,23.7744,9.192797,11.689073,18.09591,20.75239
"LM0389","E88","UNI","uninfected","falciformis_uninfected","SCHUNT_SCHUNT",100,-3.6478824551873,"F0 M. m. domesticus",NA,20.76581,23.12287,24.20175,24.65534,16.35892,21.11699,21.25767,21.997595,7.29038,28.70681,6.445662,9.138264,13.951069,23.72726,23.93945,15.923781,7.75709,27.17214,25.43076
"LM0393","UNI","UNI","uninfected","uninfected","SCHUNT_SCHUNT",97.0528455284553,NA,"F0 M. m. domesticus",24.317,19.80003,NA,24.68163,18.29073,12.63565,23.09224,20.79058,13.061516,11.602668,17.49598,9.719942,10.305993,10.797975,25.57028,25.88464,11.281775,12.009186,21.10553,22.98131
"LM0394","UNI","UNI","uninfected","uninfected","PWD_PWD",97.6961053208996,NA,"F0 M. m. musculus",21.76822,20.95861,NA,26.1295,20.04791,11.6921,22.80543,21.78558,12.274416,11.183381,17.01788,9.35489,9.77869,10.666151,24.28717,NA,10.982572,12.330284,20.82249,21.80276
"LM0395","UNI","UNI","uninfected","uninfected","PWD_PWD",100,NA,"F0 M. m. musculus",19.42611,21.59717,26.58406,21.70019,21.35713,11.07716,20.93479,22.47699,11.43748,10.668408,16.28529,8.850896,9.096841,10.200785,23.38032,NA,10.944685,11.589537,23.26258,20.9638
"LM0396","UNI","E64","E_ferrisi","uninfected_ferrisi","SCHUNT_SCHUNT",96.2736089841756,-7.84326230718987,"F0 M. m. domesticus",20.37461,18.34869,21.28534,21.67449,15.43664,14.73684,19.96002,15.04185,13.407077,9.601861,16.79333,7.966876,8.117302,9.107979,22.97322,27.10505,8.88523,11.07675,16.22269,18.16059
"LM0397","UNI","E64","E_ferrisi","uninfected_ferrisi","PWD_PWD",88.9384920634921,-3.42760413700507,"F0 M. m. musculus",20.7394,21.69704,25.01886,23.22688,17.92247,15.92684,21.19813,18.33013,15.595453,9.425018,16.97132,7.794905,8.401166,9.336994,NA,24.29967,10.008384,10.705349,22.69601,20.23189
"LM0398","UNI","E88","E_falciformis","uninfected_falciformis","SCHUNT_SCHUNT",100,1.13600476452995,"F0 M. m. domesticus",18.06665,21.45424,19.31163,23.59355,18.98706,18.17187,22.41502,14.38687,12.455074,9.43614,24.79474,8.197041,9.244237,9.956077,26.18841,NA,10.995071,10.401308,20.49431,21.473
"LM0399","UNI","E88","E_falciformis","uninfected_falciformis","PWD_PWD",81.2110922467459,2.31556690199715,"F0 M. m. musculus",16.08884,19.13856,16.59937,17.90145,14.23954,12.16899,21.02919,10.82695,9.13653,9.375088,17.69353,8.866534,9.777502,10.271472,19.15281,19.06725,7.547668,11.758377,17.68614,16.26408
"LM0400","E64","E64","E_ferrisi","ferrisi_ferrisi","SCHUNT_SCHUNT",95.2908587257618,-4.81833506876557,"F0 M. m. domesticus",22.86852,20.6817,26.84019,24.26723,19.69519,17.50911,20.48537,18.70781,14.946433,8.839694,19.82217,7.487277,8.125193,8.844189,23.92244,25.49845,9.999622,9.756697,21.55859,21.56077
"LM0401","UNI","UNI","uninfected","uninfected","SCHUNT_SCHUNT",97.5910064239829,NA,"F0 M. m. domesticus",NA,18.547,NA,23.37539,20.64206,17.68361,21.37431,24.86841,19.502043,9.457993,18.2834,8.07141,8.206934,9.252441,25.46251,26.64396,9.906633,10.453336,22.37117,22.84888
"LM0402","UNI","E64","E_ferrisi","uninfected_ferrisi","SCHUNT_SCHUNT",83.6875926841325,-5.8576836446198,"F0 M. m. domesticus",21.71419,20.46746,18.96176,24.7614,17.74507,17.02771,20.42448,15.35375,14.252057,9.304423,23.43023,7.997043,9.088218,9.269372,22.09169,28.07379,9.665312,9.605007,20.07661,20.12716
"LM0404","E64","E64","E_ferrisi","ferrisi_ferrisi","PWD_PWD",88.2644628099173,-0.895232759794368,"F0 M. m. musculus",20.35299,19.20522,21.60006,22.75786,19.52374,19.51251,20.75696,18.79592,16.97043,8.739251,20.15552,9.256436,10.444694,10.81431,26.34456,23.49281,9.661908,9.225406,21.56845,22.03168
"LM0406","UNI","E88","E_falciformis","uninfected_falciformis","SCHUNT_SCHUNT",77.0053475935829,3.83399124815707,"F0 M. m. domesticus",20.42732,21.53098,18.24249,22.16032,17.34487,13.69251,24.61451,14.09206,12.763815,12.235026,19.78562,11.179115,11.697763,12.527439,24.33736,23.94627,12.576263,12.86741,20.08692,20.3209
"LM0407","UNI","E64","E_ferrisi","uninfected_ferrisi","SCHUNT_SCHUNT",92.0159680638723,-9.65220398233476,"F0 M. m. domesticus",23.84323,20.54109,26.92355,21.56791,22.61048,20.0526,24.82729,18.86993,17.037959,10.412347,19.15029,9.342203,9.990472,11.061339,NA,24.18033,11.724569,10.427714,27.52816,26.40631
"LM0408","E64","E88","E_falciformis","ferrisi_falciformis","PWD_PWD",77.8048780487805,6.61128322944637,"F0 M. m. musculus",18.55228,20.32615,23.60529,21.8361,16.52889,15.60828,20.62177,13.72277,12.100585,8.635025,19.64736,7.290007,8.052774,8.988102,26.30723,23.92448,7.985537,9.284697,19.19948,18.33022
"LM0410","E64","E64","E_ferrisi","ferrisi_ferrisi","PWD_PWD",89.0064667842446,-8.52642175811008,"F0 M. m. musculus",20.6422,20.58743,22.64934,21.05282,15.64012,15.78011,21.04427,14.14905,14.815813,9.722631,18.87126,8.935368,10.212263,10.25608,NA,28.09646,5.846103,10.089456,18.04099,19.42994
"LM0411","E64","E88","E_falciformis","ferrisi_falciformis","PWD_PWD",83.2727272727273,3.58310722268937,"F0 M. m. musculus",17.50713,21.30977,24.81393,20.53981,15.96387,15.62994,22.11439,14.05901,11.611228,8.832139,17.72639,7.722895,8.278575,9.471053,26.67078,22.17432,8.544338,9.708748,19.40001,18.85483
"LM0412","UNI","E64","E_ferrisi","uninfected_ferrisi","SCHUNT_SCHUNT",78.1105169340463,5.36599735143947,"F0 M. m. domesticus",19.2663,24.78347,20.20337,23.52439,19.78487,14.97696,22.93029,16.14029,14.976568,10.745571,18.11004,9.538819,10.048293,10.673092,NA,25.97794,11.387807,11.285548,22.13123,21.26313
"LM0413","E64","UNI","uninfected","ferrisi_uninfected","SCHUNT_SCHUNT",95.7781050564556,-7.9430189889161,"F0 M. m. domesticus",NA,22.77867,25.05195,NA,23.1012,20.213,25.5755,21.90772,20.337306,10.781881,19.84596,9.299197,9.821379,10.803154,24.9969,NA,10.488427,11.445105,22.62902,25.72357
"LM0417","E64","E88","E_falciformis","ferrisi_falciformis","SCHUNT_SCHUNT",75.3319919517103,4.8236460523187,"F0 M. m. domesticus",18.17334,20.05828,17.73281,19.67574,14.96183,14.9115,20.39827,12.879,11.674964,8.890484,21.49815,8.237312,8.762589,9.752521,NA,22.26847,10.541307,9.678177,16.57747,17.42194
"LM0420","E88","E88","E_falciformis","falciformis_falciformis","SCHUNT_SCHUNT",90.3157894736842,-0.231707159876766,"F0 M. m. domesticus",17.62484,20.06144,19.48198,22.33842,15.8402,15.91221,20.98834,11.55303,11.659147,9.496184,20.0541,7.969417,8.572635,9.429172,23.67079,24.50357,8.477857,10.166476,17.26136,17.46136
"LM0421","UNI","E64","E_ferrisi","uninfected_ferrisi","PWD_PWD",80.7466666666667,2.8147414754045,"F0 M. m. musculus",17.52305,21.33039,19.22344,21.16372,16.83008,12.50428,22.24713,15.30404,11.142649,11.492399,18.39825,10.125236,10.724162,11.321831,19.99873,23.04488,10.740533,11.86101,20.43164,17.80555
"LM0422","E64","E88","E_falciformis","ferrisi_falciformis","PWD_PWD",73.4459459459459,6.81736431564327,"F0 M. m. musculus",15.71529,21.08006,18.49392,19.74151,15.73607,12.83904,21.46682,13.54572,11.447434,10.48136,18.73255,9.916628,10.691091,11.307609,29.54948,22.51975,10.484425,12.108359,20.85134,16.34527
"LM0424","E64","UNI","uninfected","ferrisi_uninfected","PWD_PWD",94.0901111761264,-9.8561884622146,"F0 M. m. musculus",25.05199,18.95654,21.82732,26.77299,21.41995,19.69194,20.78469,25.69238,20.921377,9.314263,19.0252,8.686559,9.464939,10.506455,23.17187,25.18772,11.220518,9.548208,22.43535,22.25967
"LM0425","UNI","UNI","uninfected","uninfected","PWD_PWD",97.1783295711061,NA,"F0 M. m. musculus",NA,20.2486,28.76398,23.93211,21.10862,20.95269,21.23007,25.3477,20.689122,8.418992,24.76759,7.942093,9.095062,9.772552,21.21622,24.28532,10.960531,8.968065,23.16068,23.48999
"LM0426","E88","UNI","uninfected","falciformis_uninfected","SCHUNT_SCHUNT",98.9189189189189,-0.640594900906464,"F0 M. m. domesticus",25.39302,19.01495,26.92797,23.32124,20.67509,18.21358,20.67898,25.74388,20.553644,8.419839,21.413,6.748056,7.525599,8.790171,22.99591,24.24964,10.019037,8.531568,21.37614,20.82249
"LM0428","E88","E64","E_ferrisi","falciformis_ferrisi","SCHUNT_SCHUNT",87.3678912934071,-8.79139222871207,"F0 M. m. domesticus",21.16589,22.14929,22.0947,24.41267,16.81424,17.08754,20.84055,15.14489,15.490731,9.344918,21.30055,7.847138,8.507111,9.580745,25.42788,NA,8.590075,8.871211,17.57769,19.73392
"LM0429","E88","E64","E_ferrisi","falciformis_ferrisi","PWD_PWD",80.4709936817921,3.96151293841837,"F0 M. m. musculus",16.93482,23.41073,17.46569,19.79551,14.49658,13.13472,25.08039,12.2639,8.769283,10.1136,19.62256,10.336654,11.690665,10.79874,23.75737,20.88617,6.92789,13.408973,17.53509,16.578
"LM0430","UNI","UNI","uninfected","uninfected","SCHUNT_SCHUNT",94.557540506855,NA,"F0 M. m. domesticus",NA,18.84797,25.09494,24.87735,20.31023,15.62935,20.16156,20.93232,18.051913,9.677846,16.56573,7.916451,8.172702,9.524207,26.10599,28.46406,10.098975,10.393635,23.04097,22.15808
"LM0431","E64","E64","E_ferrisi","ferrisi_ferrisi","SCHUNT_SCHUNT",88.3937823834197,-5.9558401852755,"F0 M. m. domesticus",22.02264,21.05519,27.11805,23.21401,20.25871,18.4059,21.07134,17.73318,16.366598,8.701905,20.94546,7.665722,8.340444,9.444841,24.42321,27.33021,10.388094,8.474758,19.93831,21.28205
